date,open,high,low,close,volume
2020-01-02,5.21,5.42,5.05,5.29,52518849
2020-01-03,5.25,5.82,5.25,5.82,79385925
2020-01-06,5.88,6.4,5.82,6.4,110787880
2020-01-07,6.09,6.7,5.85,6.11,103810338
2020-01-08,5.94,6.15,5.63,5.64,71482476
2020-01-09,5.64,5.74,5.52,5.62,43837085
2020-01-10,5.6,5.64,5.41,5.46,34283951
2020-01-13,5.48,5.57,5.44,5.53,21147059
2020-01-14,5.58,5.78,5.49,5.67,42706792
2020-01-15,5.56,5.58,5.42,5.46,26748639
2020-01-16,5.41,5.56,5.41,5.49,21946317
2020-01-17,5.47,5.76,5.41,5.6,32456101
2020-01-20,5.55,5.55,5.4,5.45,22144485
2020-01-21,4.91,4.91,4.91,4.91,10085200
2020-01-22,4.42,4.42,4.42,4.42,5740600
2020-01-23,3.98,4.38,3.98,4.16,52076790
2020-02-03,3.74,3.74,3.74,3.74,3116100
2020-02-04,3.37,3.62,3.37,3.55,37094439
2020-02-05,3.53,3.91,3.53,3.91,26818092
2020-02-06,4.19,4.3,4.07,4.3,29625195
2020-02-07,4.6,4.73,4.15,4.51,77747447
2020-02-10,4.31,4.96,4.24,4.96,44299865
2020-02-11,5.46,5.46,5.07,5.11,103468485
2020-02-12,4.6,5.5,4.6,5.16,97806058
2020-02-13,5.1,5.38,4.81,5.1,74674281
2020-02-14,5.1,5.3,4.94,5.12,54749454
2020-02-17,5.21,5.61,5.2,5.48,78453364
2020-02-18,5.32,5.39,5.2,5.35,55017402
2020-02-19,5.35,5.35,5.13,5.15,36874521
2020-02-20,5.11,5.24,4.98,5.14,32307620
2020-02-21,5.09,5.2,5.03,5.1,28670106
2020-02-24,5.0,5.4,4.8,5.21,58337354
2020-02-25,5.04,5.07,4.88,5.02,41969139
2020-02-26,5.12,5.36,5.06,5.1,53157106
2020-02-27,5.01,5.22,4.9,5.04,33387618
2020-02-28,4.9,4.97,4.6,4.66,31522095
2020-03-02,4.62,4.8,4.62,4.76,20459759
2020-03-03,4.79,4.99,4.76,4.88,27692018
2020-03-04,4.81,4.87,4.75,4.84,20193845
2020-03-05,4.88,5.1,4.8,4.99,43685481
2020-03-06,4.91,5.07,4.81,4.93,28466703
2020-03-09,4.84,4.88,4.69,4.69,24127987
2020-03-10,4.55,4.73,4.23,4.71,28244817
2020-03-11,4.69,4.95,4.61,4.71,31521699
2020-03-12,4.6,4.62,4.45,4.49,19740720
2020-03-13,4.23,4.71,4.11,4.59,24966902
2020-03-16,4.65,4.7,4.36,4.42,22594454
2020-03-17,4.32,4.48,4.08,4.23,18377118
2020-03-18,4.25,4.34,4.08,4.09,16290921
2020-03-19,3.99,4.13,3.9,3.98,18684275
2020-03-20,3.98,3.98,3.98,3.98,0
2020-03-23,3.78,3.78,3.78,3.78,270400
2020-03-24,3.59,3.59,3.59,3.59,452200
2020-03-25,3.41,3.41,3.41,3.41,1188900
2020-03-26,3.24,3.58,3.24,3.41,62172785
2020-03-27,3.27,3.29,3.24,3.24,27855862
2020-03-30,3.1,3.32,3.09,3.11,40719156
2020-03-31,3.11,3.27,3.06,3.27,38785495
2020-04-01,3.27,3.37,3.19,3.28,39620858
2020-04-02,3.23,3.34,3.21,3.32,24738020
2020-04-03,3.32,3.49,3.3,3.49,11906777
2020-04-07,3.66,3.66,3.66,3.66,1745823
2020-04-08,3.84,3.84,3.84,3.84,1738474
2020-04-09,4.03,4.03,3.65,3.76,44165962
2020-04-10,3.75,3.95,3.75,3.92,27545779
2020-04-13,4.04,4.12,3.93,4.12,25271686
2020-04-14,4.12,4.12,4.12,4.12,0
2020-04-15,4.12,4.12,4.12,4.12,0
2020-04-16,4.33,4.33,4.2,4.33,17817305
2020-04-17,4.33,4.43,4.11,4.12,30443566
2020-04-20,4.14,4.31,4.14,4.19,12241722
2020-04-21,4.2,4.2,4.01,4.05,11193622
2020-04-22,4.02,4.22,4.01,4.14,15694494
2020-04-23,4.16,4.21,3.93,3.93,22253760
2020-04-24,3.79,3.88,3.74,3.84,20193565
2020-04-27,3.84,3.98,3.81,3.89,10895709
2020-04-28,3.86,3.92,3.7,3.8,12974510
2020-04-29,3.77,3.84,3.61,3.64,10664641
2020-04-30,3.65,3.74,3.57,3.71,8322472
2020-05-06,3.67,3.9,3.66,3.9,11714908
2020-05-07,3.88,4.08,3.88,3.99,16162418
2020-05-08,3.96,4.08,3.94,4.01,8873993
2020-05-11,4.0,4.05,3.96,4.03,7427865
2020-05-12,4.0,4.02,3.88,3.94,6179724
2020-05-13,3.94,4.1,3.91,4.0,7952472
2020-05-14,3.98,3.98,3.89,3.92,6045840
2020-05-15,3.9,3.99,3.9,3.92,4412506
2020-05-18,3.94,3.99,3.91,3.99,6572219
2020-05-19,4.0,4.0,3.9,3.91,5910009
2020-05-20,3.87,3.95,3.79,3.82,7733296
2020-05-21,3.84,3.84,3.7,3.71,5591599
2020-05-22,3.69,3.76,3.63,3.71,4049501
2020-05-25,3.72,3.77,3.69,3.7,2721741
2020-05-26,3.69,3.89,3.68,3.89,4835143
2020-05-27,3.93,4.05,3.91,3.94,9899282
2020-05-28,3.95,4.05,3.91,3.94,4639601
2020-05-29,3.91,4.0,3.9,3.99,5192210
2020-06-01,4.0,4.05,3.96,4.02,6850085
2020-06-02,4.06,4.22,4.05,4.22,14066165
2020-06-03,4.27,4.43,4.25,4.43,14859810
2020-06-04,4.53,4.65,4.5,4.65,13304084
2020-06-05,4.76,4.88,4.5,4.6,25437748
2020-06-08,4.6,4.83,4.6,4.82,12019578
2020-06-09,4.84,4.99,4.72,4.75,13798640
2020-06-10,4.76,4.77,4.54,4.63,8153121
2020-06-11,4.6,4.75,4.56,4.6,5562816
2020-06-12,4.54,4.6,4.46,4.58,4799420
2020-06-15,4.54,4.63,4.41,4.44,5677986
2020-06-16,4.44,4.49,4.27,4.43,7402720
2020-06-17,4.44,4.5,4.43,4.44,4079744
2020-06-18,4.38,4.42,4.25,4.26,8702101
2020-06-19,4.29,4.33,4.24,4.25,5046030
2020-06-22,4.25,4.34,4.25,4.3,4673023
2020-06-23,4.31,4.52,4.27,4.52,4948671
2020-06-24,4.62,4.7,4.39,4.46,8536519
2020-06-29,4.4,4.42,4.28,4.34,6453182
2020-06-30,4.36,4.37,4.22,4.29,4944658
2020-07-01,4.31,4.35,4.26,4.3,4151199
2020-07-02,4.29,4.34,4.24,4.31,4653559
2020-07-03,4.31,4.34,4.25,4.3,5906602
2020-07-06,4.3,4.36,4.25,4.34,11099415
2020-07-07,4.24,4.35,4.23,4.3,14626463
2020-07-08,4.28,4.36,4.27,4.3,9491672
2020-07-09,4.33,4.52,4.3,4.52,7056522
2020-07-10,4.63,4.75,4.63,4.72,22716243
2020-07-13,4.7,4.95,4.69,4.81,13703132
2020-07-14,4.86,4.88,4.6,4.77,11795087
2020-07-15,4.7,4.72,4.6,4.62,6804800
2020-07-16,4.63,4.83,4.55,4.59,10356095
2020-07-17,4.55,4.72,4.55,4.65,6953358
2020-07-20,4.66,4.73,4.61,4.68,5919765
2020-07-21,4.68,4.83,4.61,4.79,10720518
2020-07-22,4.76,4.8,4.71,4.75,6413907
2020-07-23,4.74,4.74,4.62,4.66,4512202
2020-07-24,4.62,4.75,4.6,4.62,6423202
2020-07-27,4.62,4.75,4.62,4.63,6126461
2020-07-28,4.65,4.67,4.59,4.62,4078907
2020-07-29,4.62,4.69,4.59,4.66,4377921
2020-07-30,4.66,4.73,4.62,4.66,7998783
2020-07-31,4.67,4.7,4.63,4.68,6898400
2020-08-03,4.67,4.74,4.66,4.68,8399961
2020-08-04,4.68,4.91,4.67,4.77,21093988
2020-08-05,4.69,4.71,4.53,4.68,17342360
2020-08-06,4.65,4.67,4.55,4.58,9658602
2020-08-07,4.55,4.61,4.5,4.54,7898066
2020-08-10,4.49,4.49,4.31,4.31,9866100
2020-08-11,4.11,4.25,4.11,4.15,12961264
2020-08-12,4.13,4.22,4.1,4.17,9841947
2020-08-13,4.18,4.38,4.16,4.38,15449705
2020-08-14,4.16,4.23,4.16,4.16,12597700
2020-08-17,3.95,4.1,3.95,4.05,23947428
2020-08-18,4.02,4.2,4.02,4.16,14960262
2020-08-19,4.12,4.32,4.11,4.19,15526250
2020-08-20,4.13,4.2,4.06,4.09,9123678
2020-08-21,4.06,4.12,4.05,4.07,6643254
2020-08-24,4.08,4.13,4.06,4.11,6454359
2020-08-25,4.1,4.1,3.9,4.06,14912308
2020-08-26,4.0,4.03,3.91,3.97,7557600
2020-08-27,3.98,4.08,3.94,4.04,4889610
2020-08-28,4.04,4.06,3.96,4.03,8347862
2020-08-31,4.02,4.23,4.01,4.18,12490090
2020-09-01,4.39,4.39,4.3,4.39,11940555
2020-09-02,4.4,4.55,4.24,4.28,18518861
2020-09-03,4.27,4.27,4.11,4.15,9020263
2020-09-04,4.16,4.25,4.12,4.17,6260140
2020-09-07,4.17,4.19,4.05,4.08,7918555
2020-09-08,4.07,4.13,4.04,4.09,5265320
2020-09-09,4.08,4.08,4.0,4.02,7052900
2020-09-10,4.02,4.08,3.95,4.0,6267338
2020-09-11,4.05,4.08,3.98,4.07,3245336
2020-09-14,4.11,4.19,4.07,4.12,5315400
2020-09-15,4.13,4.14,4.06,4.1,3228496
2020-09-16,4.1,4.13,4.07,4.1,2891398
2020-09-17,4.13,4.13,4.0,4.01,4921886
2020-09-18,4.0,4.07,4.0,4.04,3398288
2020-09-21,4.04,4.05,3.99,4.02,3825101
2020-09-22,4.01,4.02,3.95,3.96,4299702
2020-09-23,3.96,3.98,3.94,3.96,3074900
2020-09-24,3.95,3.98,3.88,3.89,5322421
2020-09-25,3.89,3.92,3.79,3.8,4512620
2020-09-28,3.81,3.86,3.79,3.8,2991300
2020-09-29,3.81,3.84,3.8,3.81,1815380
2020-09-30,3.83,3.99,3.82,3.88,4074032
2020-10-09,3.89,3.93,3.85,3.9,4259553
2020-10-12,3.91,3.98,3.88,3.94,5140146
2020-10-13,3.92,3.94,3.87,3.9,4937100
2020-10-14,3.9,3.95,3.88,3.89,3260520
2020-10-15,3.89,3.91,3.87,3.89,1865707
2020-10-16,3.9,3.9,3.86,3.88,2102019
2020-10-19,3.89,3.96,3.88,3.9,3265771
2020-10-20,3.91,3.92,3.87,3.89,2078339
2020-10-21,3.88,3.89,3.82,3.83,3877222
2020-10-22,3.83,3.83,3.72,3.79,5365542
2020-10-23,3.76,3.81,3.72,3.76,2814828
2020-10-26,3.75,3.81,3.73,3.78,2495200
2020-10-27,3.8,3.8,3.76,3.8,2853301
2020-10-28,3.8,3.87,3.79,3.84,3849173
2020-10-29,3.82,3.87,3.82,3.87,2777989
2020-10-30,3.93,4.06,3.88,3.94,12382559
2020-11-02,3.94,3.97,3.84,3.86,5383253
2020-11-03,3.85,3.91,3.84,3.89,3603920
2020-11-04,3.89,3.89,3.76,3.84,5192814
2020-11-05,3.84,3.86,3.82,3.85,3105700
2020-11-06,3.86,3.86,3.8,3.81,2966944
2020-11-09,3.8,3.84,3.78,3.82,4618427
2020-11-10,3.82,3.83,3.78,3.8,3443800
2020-11-11,3.8,3.94,3.8,3.87,6988273
2020-11-12,3.86,3.93,3.82,3.9,4923875
2020-11-13,3.87,3.94,3.85,3.92,4508900
2020-11-16,3.91,4.03,3.9,3.97,7952106
2020-11-17,3.95,3.98,3.91,3.95,5378502
2020-11-18,3.95,3.97,3.93,3.94,3241102
2020-11-19,3.93,3.94,3.88,3.91,3699409
2020-11-20,3.91,3.93,3.88,3.93,4672393
2020-11-23,3.91,3.98,3.9,3.97,6950942
2020-11-24,3.97,4.0,3.94,3.96,5202987
2020-11-25,3.97,4.04,3.94,3.99,8024140
2020-11-26,3.98,4.18,3.98,4.14,13640128
2020-11-27,4.13,4.15,4.07,4.07,7935084
2020-11-30,4.05,4.13,4.04,4.04,5320793
2020-12-01,4.03,4.06,4.02,4.04,5041640
2020-12-02,4.02,4.04,3.98,3.99,5915960
2020-12-03,3.99,4.09,3.98,4.04,6359761
2020-12-04,4.02,4.04,3.99,4.0,4177587
2020-12-07,4.0,4.08,3.98,4.04,6059823
2020-12-08,4.04,4.17,4.02,4.1,8964107
2020-12-09,4.08,4.23,4.08,4.13,10999777
2020-12-10,4.13,4.29,4.11,4.2,12056194
2020-12-11,4.19,4.22,4.04,4.14,12476638
2020-12-14,4.1,4.2,4.09,4.15,8047102
2020-12-15,4.09,4.11,4.05,4.05,8275100
2020-12-16,4.04,4.06,3.85,3.85,16453366
2020-12-17,3.78,3.81,3.66,3.73,11612396
2020-12-18,3.75,3.87,3.7,3.8,6075500
2020-12-21,3.99,3.99,3.99,3.99,3425994
2020-12-22,4.08,4.19,4.03,4.11,23113126
2020-12-23,4.06,4.32,4.02,4.32,23297812
2020-12-24,4.33,4.5,4.21,4.23,24382534
2020-12-25,4.09,4.32,4.02,4.19,13819837
2020-12-28,4.18,4.4,4.16,4.4,23825683
2020-12-29,4.47,4.57,4.3,4.32,25821178
2020-12-30,4.37,4.46,4.3,4.35,12609343
2020-12-31,4.32,4.37,4.21,4.36,12344893
2021-01-04,4.58,4.58,4.5,4.58,6002315
2021-01-05,4.81,4.81,4.81,4.81,3421665
2021-01-06,4.96,4.96,4.61,4.73,34781706
2021-01-07,4.71,4.97,4.65,4.97,26932456
2021-01-08,4.96,5.16,4.82,5.07,20056148
2021-01-11,5.02,5.13,4.91,4.96,17604932
2021-01-12,4.93,5.07,4.71,4.81,23500044
2021-01-13,4.81,4.83,4.57,4.57,17389376
2021-01-14,4.54,4.54,4.36,4.47,11648964
2021-01-15,4.5,4.69,4.49,4.69,10408603
2021-01-18,4.73,4.91,4.68,4.87,12104867
2021-01-19,4.87,4.88,4.7,4.74,9695298
2021-01-20,4.74,4.87,4.68,4.79,6097500
2021-01-21,4.77,4.86,4.68,4.81,7000898
2021-01-22,4.79,4.86,4.77,4.8,6425824
2021-01-25,4.72,4.8,4.56,4.66,15907866
2021-01-26,4.58,4.7,4.52,4.63,6930302
2021-01-27,4.58,4.79,4.56,4.76,8002695
2021-01-28,4.69,4.82,4.65,4.67,7892571
2021-01-29,4.51,4.56,4.44,4.44,11858962
2021-02-01,4.43,4.51,4.23,4.27,8364914
2021-02-02,4.25,4.33,4.2,4.27,5432838
2021-02-03,4.26,4.46,4.23,4.35,6784164
2021-02-04,4.32,4.4,4.23,4.27,5335859
2021-02-05,4.28,4.33,4.06,4.06,10986560
2021-02-08,3.99,4.04,3.89,4.01,6075500
2021-02-09,4.0,4.15,3.94,4.13,5772846
2021-02-10,4.13,4.34,4.12,4.34,8545043
2021-02-18,4.38,4.46,4.34,4.41,8959462
2021-02-19,4.38,4.63,4.38,4.59,8928713
2021-02-22,4.63,4.82,4.54,4.69,15438223
2021-02-23,4.46,4.46,4.46,4.46,2231400
2021-02-24,4.24,4.24,4.24,4.24,2239600
2021-02-25,4.15,4.23,4.07,4.15,19219478
2021-02-26,4.09,4.21,4.07,4.14,13238308
2021-03-01,4.12,4.27,4.11,4.25,8988081
2021-03-02,4.21,4.23,4.13,4.16,7607541
2021-03-03,4.17,4.23,4.16,4.21,7584012
2021-03-04,4.18,4.23,4.08,4.11,8572215
2021-03-05,4.04,4.18,4.03,4.16,8917330
2021-03-08,4.15,4.17,4.06,4.07,7228202
2021-03-09,4.03,4.07,3.87,3.89,11308038
2021-03-10,3.9,3.94,3.9,3.92,4283212
2021-03-11,3.92,3.96,3.85,3.96,4641130
2021-03-12,3.95,3.95,3.85,3.9,5535900
2021-03-15,3.9,3.9,3.84,3.89,4321741
2021-03-16,3.89,3.96,3.88,3.95,5605654
2021-03-17,3.93,4.1,3.92,4.08,8711731
2021-03-18,4.04,4.04,3.98,4.0,6515200
2021-03-19,3.99,4.03,3.94,4.0,5266690
2021-03-22,4.03,4.08,4.01,4.07,5147200
2021-03-23,4.05,4.09,4.01,4.01,6278818
2021-03-24,4.01,4.03,3.97,4.0,5352718
2021-03-25,4.03,4.12,4.03,4.05,7566364
2021-03-26,4.04,4.1,4.01,4.07,6347400
2021-03-29,4.07,4.08,4.03,4.05,4645818
2021-03-30,4.05,4.06,3.92,3.94,6266963
2021-03-31,3.94,3.99,3.92,3.95,2870762
2021-04-01,3.99,4.04,3.97,3.98,3909500
2021-04-02,3.98,4.12,3.96,4.08,7401567
2021-04-06,4.06,4.14,4.03,4.13,7238900
2021-04-07,4.12,4.17,4.09,4.11,3748935
2021-04-08,4.11,4.12,4.07,4.08,3966303
2021-04-09,4.08,4.17,4.08,4.13,5361596
2021-04-12,4.13,4.17,4.09,4.11,6043501
2021-04-13,4.13,4.22,4.09,4.2,11173561
2021-04-14,4.18,4.19,4.1,4.14,7786200
2021-04-15,4.13,4.18,4.12,4.14,3763200
2021-04-16,4.16,4.27,4.14,4.24,7202548
2021-04-19,4.22,4.38,4.21,4.3,7017462
2021-04-20,4.32,4.36,4.26,4.29,8821928
2021-04-21,4.29,4.48,4.28,4.41,11157652
2021-04-22,4.4,4.45,4.38,4.42,7600326
2021-04-23,4.43,4.49,4.35,4.39,8455760
2021-04-26,4.36,4.43,4.35,4.38,6627325
2021-04-27,4.39,4.44,4.17,4.22,11537702
2021-04-28,4.23,4.34,4.23,4.29,7495110
2021-04-29,4.35,4.42,4.3,4.31,10251140
2021-04-30,4.32,4.38,4.27,4.37,6597406
2021-05-06,4.41,4.5,4.38,4.43,8074865
2021-05-07,4.44,4.49,4.43,4.48,8442251
2021-05-10,4.46,4.48,4.41,4.45,7450120
2021-05-11,4.45,4.52,4.42,4.51,9529170
2021-05-12,4.49,4.68,4.48,4.62,12526490
2021-05-13,4.6,4.75,4.58,4.61,13204826
2021-05-14,4.63,4.75,4.63,4.75,13144576
2021-05-17,4.75,4.77,4.51,4.7,16456145
2021-05-18,4.7,4.7,4.7,4.7,0
2021-05-19,4.72,4.95,4.6,4.7,46207630
2021-05-20,4.61,4.65,4.41,4.45,24636670
2021-05-21,4.48,4.9,4.46,4.9,13725665
2021-05-24,5.21,5.39,4.86,4.88,64778920
2021-05-25,4.77,4.97,4.71,4.79,35290262
2021-05-26,4.73,4.87,4.65,4.74,22840043
2021-05-27,4.74,4.78,4.64,4.67,18264299
2021-05-28,4.68,4.7,4.6,4.64,13960882
2021-05-31,4.61,4.76,4.53,4.7,18481304
2021-06-01,4.66,5.17,4.63,5.17,19351584
2021-06-02,5.35,5.69,5.05,5.69,92281030
2021-06-03,5.48,6.0,5.43,5.57,77976756
2021-06-04,5.71,6.13,5.63,5.98,91149887
2021-06-07,5.62,5.68,5.38,5.51,64813218
2021-06-08,5.48,5.9,5.4,5.76,57692945
2021-06-09,5.65,5.86,5.54,5.58,43015722
2021-06-10,5.6,5.63,5.44,5.6,29382848
2021-06-11,5.53,5.8,5.25,5.29,42803185
2021-06-15,5.18,5.44,5.13,5.33,23092303
2021-06-16,5.25,5.79,5.22,5.56,42778631
2021-06-17,5.36,5.62,5.36,5.44,26282700
2021-06-18,5.4,5.8,5.22,5.67,43563047
2021-06-21,5.67,5.9,5.59,5.76,40040569
2021-06-22,5.8,6.34,5.72,6.34,65188706
2021-06-23,6.32,6.97,6.1,6.66,90802441
2021-06-24,6.41,6.49,6.17,6.23,53954579
2021-06-25,6.17,6.26,6.03,6.05,35974037
2021-06-28,6.09,6.24,6.05,6.15,29262346
2021-06-29,6.1,6.45,6.04,6.2,35637693
2021-06-30,6.09,6.19,5.91,6.18,33463575
2021-07-01,6.25,6.28,5.88,5.9,26357456
2021-07-02,5.86,6.49,5.83,6.3,68722562
2021-07-05,6.11,6.75,6.03,6.53,64697376
2021-07-06,6.5,7.18,6.37,7.18,85693457
2021-07-07,7.1,7.28,6.81,7.15,82538697
2021-07-08,7.0,7.39,6.87,7.03,68503683
2021-07-09,7.04,7.16,6.81,6.98,47351728
2021-07-12,7.45,7.45,7.01,7.09,72719815
2021-07-13,6.95,7.8,6.8,7.49,72565074
2021-07-14,7.33,7.74,7.23,7.51,60331270
2021-07-15,7.51,7.96,7.4,7.6,55182164
2021-07-16,7.48,7.78,7.24,7.65,54050260
2021-07-19,7.55,8.2,7.43,8.02,76303373
2021-07-20,7.87,7.94,7.67,7.75,53249876
2021-07-21,7.8,7.86,7.61,7.77,41418331
2021-07-22,7.7,7.78,7.56,7.7,35708547
2021-07-23,7.73,7.94,7.62,7.82,51338799
2021-07-26,7.71,7.93,7.2,7.34,56229619
2021-07-27,7.25,7.39,6.61,6.64,59851330
2021-07-28,6.49,6.49,6.01,6.06,49254965
2021-07-29,6.12,6.67,6.12,6.67,64267350
2021-07-30,6.71,6.89,6.58,6.78,52514374
2021-08-02,6.68,6.97,6.55,6.84,41363119
2021-08-03,6.78,7.24,6.7,6.98,56335991
2021-08-04,6.85,6.98,6.68,6.83,50103228
2021-08-05,6.75,7.1,6.68,6.94,63282733
2021-08-06,6.8,6.8,6.6,6.66,43549278
2021-08-09,6.62,6.79,6.44,6.46,37607056
2021-08-10,6.42,6.58,6.39,6.53,27464234
2021-08-11,6.52,7.04,6.43,6.95,52686876
2021-08-12,6.81,6.95,6.61,6.64,50818200
2021-08-13,6.65,6.85,6.56,6.72,46324902
2021-08-16,6.67,6.78,6.44,6.45,40127205
2021-08-17,6.38,6.39,6.08,6.11,33603898
2021-08-18,6.1,6.18,5.91,5.99,26866202
2021-08-19,5.98,5.98,5.78,5.85,22538976
2021-08-20,5.78,5.9,5.74,5.82,16592200
2021-08-23,5.75,5.92,5.75,5.87,15569820
2021-08-24,5.87,5.94,5.76,5.89,23674720
2021-08-25,5.89,6.05,5.81,6.0,26902439
2021-08-26,5.95,5.96,5.78,5.79,24194900
2021-08-27,5.75,5.79,5.61,5.66,17546060
2021-08-30,5.7,5.8,5.65,5.73,19557303
2021-08-31,5.7,5.73,5.47,5.61,21753523
2021-09-01,5.56,5.64,5.5,5.6,14908740
2021-09-02,5.6,5.64,5.52,5.63,16117170
2021-09-03,5.57,5.95,5.56,5.86,36723323
2021-09-06,5.85,5.86,5.68,5.83,22347115
2021-09-07,5.81,5.88,5.76,5.87,18073984
2021-09-08,5.89,6.32,5.84,6.28,52746102
2021-09-09,6.48,6.91,6.45,6.7,97705132
2021-09-10,6.5,6.69,6.35,6.48,61836012
2021-09-13,6.43,6.58,6.38,6.52,37970554
2021-09-14,6.5,6.56,6.25,6.26,33523735
2021-09-15,6.22,6.49,6.21,6.46,28090594
2021-09-16,6.4,6.75,6.36,6.59,52117363
2021-09-17,6.55,6.72,6.31,6.62,40051930
2021-09-22,6.45,6.54,6.35,6.45,22084178
2021-09-23,6.47,6.74,6.43,6.73,40240164
2021-09-24,6.8,6.81,6.36,6.4,34037004
2021-09-27,6.25,6.39,5.97,6.0,28109471
2021-09-28,6.0,6.09,5.81,6.0,19646664
2021-09-29,5.97,6.1,5.73,5.74,17954200
2021-09-30,5.79,5.99,5.78,5.93,14949457
2021-10-08,6.05,6.52,5.98,6.52,52132206
2021-10-11,6.45,6.93,6.35,6.7,74966545
2021-10-12,6.66,6.83,6.4,6.81,57776256
2021-10-13,6.73,6.74,6.13,6.22,50606922
2021-10-14,6.22,6.54,6.01,6.49,31399800
2021-10-15,6.69,7.14,6.62,6.66,99512663
2021-10-18,6.32,7.04,6.24,7.01,90182419
2021-10-19,6.85,6.96,6.66,6.73,59374562
2021-10-20,6.72,6.77,6.58,6.61,39288805
2021-10-21,6.6,6.7,6.43,6.67,33619773
2021-10-22,6.61,6.78,6.35,6.35,35236403
2021-10-25,6.24,6.43,6.23,6.3,22095635
2021-10-26,6.27,6.44,6.17,6.2,23318865
2021-10-27,6.15,6.75,6.13,6.58,42721206
2021-10-28,6.4,6.4,6.16,6.26,28873217
2021-10-29,6.25,6.36,6.16,6.22,20339525
2021-11-01,6.19,6.49,6.18,6.36,28182196
2021-11-02,6.35,6.58,6.31,6.55,42052349
2021-11-03,6.49,6.63,6.36,6.43,32974602
2021-11-04,6.44,6.55,6.36,6.49,27990541
2021-11-05,6.45,6.51,6.22,6.24,28038939
2021-11-08,6.24,6.3,6.16,6.25,14014023
2021-11-09,6.25,6.77,6.21,6.6,60210309
2021-11-10,6.64,7.0,6.48,6.7,60424876
2021-11-11,6.82,6.82,6.59,6.65,32396000
2021-11-12,6.66,6.95,6.61,6.84,51477506
2021-11-15,6.78,6.89,6.3,6.39,54104705
2021-11-16,6.34,6.53,6.32,6.37,27704051
2021-11-17,6.39,6.43,6.22,6.42,24425397
2021-11-18,6.4,6.54,6.33,6.34,24672810
2021-11-19,6.29,6.39,6.26,6.35,16218281
2021-11-22,6.34,6.43,6.24,6.42,21087800
2021-11-23,6.45,6.46,6.31,6.37,17989380
2021-11-24,6.33,6.36,6.24,6.27,16916961
2021-11-25,6.24,6.34,6.24,6.3,14872006
2021-11-26,6.25,6.28,6.08,6.09,21930580
2021-11-29,5.91,6.13,5.9,6.05,16405787
2021-11-30,6.03,6.14,6.03,6.07,11847501
2021-12-01,6.05,6.07,5.99,6.05,12285402
2021-12-02,6.07,6.09,6.01,6.04,10127603
2021-12-03,6.05,6.1,6.02,6.09,11439560
2021-12-06,6.11,6.12,6.04,6.05,7982887
2021-12-07,6.03,6.14,6.03,6.07,10627807
2021-12-08,6.07,6.18,6.04,6.13,12465600
2021-12-09,6.11,6.27,6.11,6.21,17385200
2021-12-10,6.1,6.3,6.07,6.28,22684704
2021-12-13,6.35,6.38,6.18,6.22,17313100
2021-12-14,6.18,6.31,6.14,6.26,15164027
2021-12-15,6.3,6.32,6.19,6.22,10800984
2021-12-16,6.2,6.84,6.18,6.59,81267757
2021-12-17,6.44,6.92,6.43,6.72,85476229
2021-12-20,6.71,6.93,6.61,6.73,66788214
2021-12-21,6.62,6.87,6.53,6.83,52237655
2021-12-22,6.75,7.15,6.72,6.92,52364066
2021-12-23,6.88,7.1,6.85,7.08,54016801
2021-12-24,7.05,7.18,6.85,6.92,45382965
2021-12-27,6.96,7.04,6.56,6.7,45210103
2021-12-28,6.76,6.89,6.66,6.7,33486335
2021-12-29,6.6,6.72,6.48,6.52,32081988
2021-12-30,6.59,6.81,6.52,6.65,31573455
2021-12-31,6.72,6.73,6.57,6.59,21654500
2022-01-04,6.61,7.04,6.57,6.89,44286803
2022-01-05,6.96,6.96,6.62,6.75,31903179
2022-01-06,6.68,6.74,6.55,6.61,23489731
2022-01-07,6.64,6.64,6.18,6.23,50937676
2022-01-10,6.19,6.28,6.15,6.24,16019505
2022-01-11,6.24,6.33,6.19,6.22,13109100
2022-01-12,6.23,6.26,6.17,6.25,11319701
2022-01-13,6.23,6.38,6.21,6.27,16816966
2022-01-14,6.25,6.32,6.13,6.13,16927100
2022-01-17,6.14,6.25,6.14,6.21,10858505
2022-01-18,6.21,6.21,6.06,6.12,14106202
2022-01-19,6.12,6.17,6.07,6.11,8267804
2022-01-20,6.11,6.17,6.06,6.07,10237961
2022-01-21,6.09,6.09,5.91,5.93,11530838
2022-01-24,5.9,5.99,5.85,5.94,7088602
2022-01-25,5.93,5.95,5.55,5.58,11845500
2022-01-26,5.58,5.67,5.56,5.63,5822602
2022-01-27,5.61,5.68,5.36,5.37,10821750
2022-01-28,5.35,5.64,5.28,5.56,12182541
2022-02-07,5.69,5.76,5.56,5.72,10808840
2022-02-08,5.72,5.9,5.71,5.89,13316719
2022-02-09,5.91,6.09,5.86,6.01,19668752
2022-02-10,5.97,6.04,5.94,6.02,12715713
2022-02-11,5.94,6.0,5.83,5.88,11797479
2022-02-14,5.9,6.0,5.84,5.94,10630002
2022-02-15,5.92,5.94,5.83,5.9,7496700
2022-02-16,5.9,5.97,5.87,5.97,8878800
2022-02-17,5.9,5.95,5.88,5.9,8089989
2022-02-18,5.84,5.99,5.82,5.97,11894066
2022-02-21,5.96,6.2,5.94,6.2,24755495
2022-02-22,6.16,6.22,6.07,6.17,17464469
2022-02-23,6.32,6.4,6.04,6.06,32001300
2022-02-24,6.01,6.29,5.91,6.11,32456921
2022-02-25,6.0,6.08,5.98,6.01,16324702
2022-02-28,6.02,6.11,5.93,5.98,9971100
2022-03-01,5.95,6.03,5.95,5.97,9798964
2022-03-02,6.0,6.24,6.0,6.11,27097850
2022-03-03,6.13,6.25,6.09,6.23,28410881
2022-03-04,6.28,6.3,6.1,6.18,24218890
2022-03-07,6.4,6.4,6.1,6.2,26498570
2022-03-08,6.08,6.11,5.75,5.77,21583985
2022-03-09,5.76,5.85,5.38,5.75,18987511
2022-03-10,5.79,5.8,5.66,5.72,11613700
2022-03-11,5.65,5.97,5.53,5.93,24017801
2022-03-14,5.83,6.07,5.76,5.76,15091802
2022-03-15,5.71,5.82,5.33,5.34,17525602
2022-03-16,5.4,5.46,5.09,5.45,15925003
2022-03-17,5.45,5.72,5.42,5.56,14946502
2022-03-18,5.52,5.72,5.52,5.69,10871941
2022-03-21,5.73,6.1,5.69,6.04,29927031
2022-03-22,6.04,6.12,5.94,5.96,15901700
2022-03-23,5.92,5.99,5.82,5.84,13213921
2022-03-24,5.84,6.05,5.83,5.95,24282460
2022-03-25,5.95,6.4,5.94,6.19,51706540
2022-03-28,6.32,6.38,6.11,6.26,42289791
2022-03-29,6.2,6.7,6.17,6.67,69667644
2022-03-30,6.42,6.48,6.23,6.38,57169877
2022-03-31,6.31,6.61,6.24,6.38,50834979
2022-04-01,6.46,6.8,6.25,6.3,53299015
2022-04-06,6.18,6.7,6.17,6.51,50667516
2022-04-07,6.51,6.68,6.34,6.38,30951601
2022-04-08,6.39,6.4,6.1,6.24,24412600
2022-04-11,6.24,6.86,6.2,6.86,57460399
2022-04-12,6.8,6.98,6.6,6.75,88370859
2022-04-13,6.6,6.97,6.55,6.69,80031194
2022-04-14,6.54,6.8,6.23,6.8,55869478
2022-04-15,6.7,6.84,6.4,6.46,47265170
2022-04-18,6.43,6.94,6.34,6.7,66003314
2022-04-19,6.71,7.37,6.55,7.1,98397947
2022-04-20,6.85,7.81,6.82,7.7,159430327
2022-04-21,7.38,7.87,6.93,6.93,131859629
2022-04-22,6.4,6.57,6.24,6.24,56273100
2022-04-25,5.88,6.02,5.62,5.62,55884170
2022-04-26,5.56,5.66,5.06,5.14,52696480
2022-04-27,5.04,5.37,4.84,5.34,45296804
2022-04-28,5.22,5.26,4.91,5.1,38293885
2022-04-29,5.12,5.35,5.1,5.29,36717749
2022-05-05,5.3,5.8,5.3,5.75,51083678
2022-05-06,5.54,5.85,5.48,5.6,45278402
2022-05-09,5.57,5.79,5.54,5.73,29529500
2022-05-10,5.61,6.03,5.5,5.94,37908956
2022-05-11,5.86,5.95,5.72,5.73,54847201
2022-05-12,5.63,5.74,5.47,5.58,31750000
2022-05-13,5.67,5.83,5.6,5.74,39019541
2022-05-16,5.98,6.31,5.85,6.31,63180563
2022-05-17,6.68,6.68,6.21,6.38,99153805
2022-05-18,6.25,6.95,6.15,6.55,88338409
2022-05-19,6.51,6.92,6.46,6.61,90804182
2022-05-20,6.49,6.78,6.45,6.62,71082000
2022-05-23,6.62,6.98,6.55,6.73,76651440
2022-05-24,6.67,6.86,6.43,6.46,66100167
2022-05-25,6.52,6.62,6.4,6.56,42666500
2022-05-26,6.53,6.7,6.38,6.7,44679947
2022-05-27,6.66,6.8,6.53,6.68,56777747
2022-05-30,6.85,6.95,6.64,6.67,66356280
2022-05-31,6.54,7.34,6.54,7.34,34738942
2022-06-01,7.8,8.07,7.44,8.07,184302936
2022-06-02,8.0,8.88,7.92,8.88,122652836
2022-06-06,8.0,8.68,7.99,8.15,170696967
2022-06-07,7.91,8.09,7.35,7.43,139046913
2022-06-08,7.52,7.95,7.46,7.89,129044602
2022-06-09,7.74,8.18,7.55,7.77,102997561
2022-06-10,7.57,7.76,7.19,7.74,73540445
2022-06-13,7.74,8.05,7.62,7.9,97393131
2022-06-14,7.7,7.76,7.3,7.55,73007429
2022-06-15,7.44,7.56,7.3,7.33,57474984
2022-06-16,7.33,7.45,7.2,7.25,47759427
2022-06-17,7.2,7.24,6.96,7.13,47389461
2022-06-20,7.21,7.25,7.08,7.2,34285196
2022-06-21,7.18,7.2,6.86,6.99,39844000
2022-06-22,6.96,7.2,6.86,7.13,42112203
2022-06-23,7.07,7.08,6.88,7.06,32476075
2022-06-24,7.05,7.25,6.98,7.19,40096066
2022-06-27,7.18,7.37,7.13,7.3,44404066
2022-06-28,7.24,7.29,7.11,7.18,32747060
2022-06-29,7.15,7.25,6.9,6.91,35096202
2022-06-30,6.84,6.96,6.8,6.83,27735850
2022-07-01,6.89,7.06,6.87,6.88,26048027
2022-07-04,6.83,7.06,6.82,7.05,27405601
2022-07-05,7.05,7.09,6.85,6.97,25258360
2022-07-06,6.92,6.94,6.56,6.61,31005062
2022-07-07,6.61,6.67,6.55,6.59,16007000
2022-07-08,6.59,6.67,6.56,6.61,13050300
2022-07-11,6.62,6.72,6.5,6.7,21909600
2022-07-12,6.63,6.65,6.46,6.49,19040901
2022-07-13,6.47,6.64,6.35,6.63,18845892
2022-07-14,6.64,6.64,6.52,6.55,13853060
2022-07-15,6.39,6.44,6.07,6.1,33985624
2022-07-18,6.09,6.34,6.07,6.28,19670055
2022-07-19,6.34,6.39,6.24,6.34,15303601
2022-07-20,6.36,6.36,6.29,6.35,9808200
2022-07-21,6.34,6.35,6.16,6.18,14302240
2022-07-22,6.18,6.22,6.08,6.18,10203300
2022-07-25,6.17,6.22,6.04,6.07,10576201
2022-07-26,6.1,6.18,6.04,6.18,9999600
2022-07-27,6.21,6.33,6.16,6.18,15191100
2022-07-28,6.16,6.23,6.11,6.12,13999644
2022-07-29,6.11,6.25,6.1,6.13,16226351
2022-08-01,6.12,6.13,5.95,6.0,15329907
2022-08-02,5.95,6.24,5.86,6.2,42785848
2022-08-03,6.0,6.16,5.97,6.06,26706431
2022-08-04,6.03,6.05,5.88,5.95,17605423
2022-08-05,5.99,6.05,5.9,6.05,15371706
2022-08-08,5.99,6.09,5.98,6.07,10594167
2022-08-09,6.08,6.42,6.05,6.25,33423200
2022-08-10,6.19,6.29,6.13,6.19,19134631
2022-08-11,6.16,6.31,6.15,6.29,23405519
2022-08-12,6.32,6.38,6.26,6.29,16981417
2022-08-15,6.38,6.45,6.27,6.33,21545217
2022-08-16,6.28,6.38,6.24,6.38,21950637
2022-08-17,6.37,6.67,6.34,6.57,45976608
2022-08-18,6.52,6.54,6.36,6.4,25348531
2022-08-19,6.35,6.52,6.34,6.36,18758754
2022-08-22,6.39,6.78,6.37,6.61,41251304
2022-08-23,6.57,6.72,6.48,6.66,31211031
2022-08-24,6.64,7.12,6.57,6.86,71328961
2022-08-25,6.77,7.0,6.71,6.82,45765622
2022-08-26,6.73,6.98,6.58,6.92,48594292
2022-08-29,6.81,7.06,6.78,7.05,47656951
2022-08-30,7.04,7.04,6.74,6.81,35746462
2022-08-31,6.71,6.84,6.32,6.43,39947304
2022-09-01,6.48,6.74,6.43,6.52,30872000
2022-09-02,6.49,6.63,6.39,6.59,21773200
2022-09-05,6.52,6.67,6.41,6.55,22076900
2022-09-06,6.58,7.06,6.5,6.88,51076136
2022-09-07,6.84,6.93,6.74,6.84,35032200
2022-09-08,6.81,6.85,6.56,6.62,28397801
2022-09-09,6.62,6.66,6.47,6.58,17343401
2022-09-13,6.62,6.69,6.56,6.59,19245536
2022-09-14,6.44,6.51,6.33,6.37,20360400
2022-09-15,6.38,6.41,6.1,6.2,18785800
2022-09-16,6.2,6.28,6.06,6.06,11339600
2022-09-19,6.06,6.17,5.99,6.12,9343700
2022-09-20,6.17,6.2,6.09,6.11,9080836
2022-09-21,6.06,6.25,6.04,6.17,11860100
2022-09-22,6.1,6.31,6.09,6.25,17099000
2022-09-23,6.21,6.25,6.07,6.08,12903722
2022-09-26,6.0,6.03,5.76,5.77,14770500
2022-09-27,5.81,5.92,5.71,5.91,11933349
2022-09-28,5.92,5.93,5.6,5.64,9343100
2022-09-29,5.72,5.74,5.52,5.6,7841500
2022-09-30,5.59,5.65,5.53,5.6,5872400
2022-10-10,5.62,5.73,5.55,5.61,7954102
2022-10-11,5.66,5.72,5.56,5.72,8121194
2022-10-12,5.79,5.91,5.68,5.83,13218874
2022-10-13,5.75,6.08,5.72,5.97,22319087
2022-10-14,5.96,6.01,5.92,5.99,14002100
2022-10-17,6.0,6.11,5.98,6.06,13591921
2022-10-18,6.03,6.06,5.96,5.98,10609000
2022-10-19,5.95,6.01,5.85,5.85,9064736
2022-10-20,5.85,5.87,5.75,5.8,8744202
2022-10-21,5.79,5.84,5.74,5.75,6351500
2022-10-24,5.77,5.87,5.59,5.67,12157070
2022-10-25,5.65,5.67,5.51,5.65,8737736
2022-10-26,5.65,5.76,5.64,5.76,9209900
2022-10-27,5.75,5.84,5.72,5.77,9292800
2022-10-28,5.7,5.71,5.4,5.44,14444100
2022-10-31,5.49,5.69,5.48,5.57,10954500
2022-11-01,5.57,6.13,5.57,6.0,36664430
2022-11-02,6.07,6.44,6.01,6.38,56307193
2022-11-03,6.25,6.61,6.21,6.29,61549522
2022-11-04,6.3,6.37,6.16,6.24,42023914
2022-11-07,6.25,6.43,6.18,6.36,36768623
2022-11-08,6.31,6.43,6.23,6.28,22482020
2022-11-09,6.27,6.58,6.27,6.49,44887001
2022-11-10,6.5,7.1,6.42,6.83,80765193
2022-11-11,6.67,6.85,6.55,6.63,61490103
2022-11-14,6.6,6.62,6.42,6.46,36024464
2022-11-15,6.5,6.54,6.39,6.49,33948909
2022-11-16,6.44,6.51,6.37,6.44,24308560
2022-11-17,6.43,6.49,6.35,6.47,19021485
2022-11-18,6.47,6.47,6.28,6.28,23133461
2022-11-21,6.23,6.41,6.21,6.4,19136300
2022-11-22,6.31,6.37,6.12,6.16,22099978
2022-11-23,6.14,6.16,6.03,6.09,13489900
2022-11-24,6.13,6.16,6.07,6.09,9817772
2022-11-25,6.09,6.15,6.05,6.08,11817204
2022-11-28,6.05,6.2,5.98,6.19,18879445
2022-11-29,6.15,6.25,6.14,6.21,16873845
2022-11-30,6.22,6.83,6.22,6.83,70792109
2022-12-01,6.94,7.33,6.93,6.95,121245706
2022-12-02,6.93,7.51,6.93,7.17,100829220
2022-12-05,7.23,7.89,7.11,7.49,110130701
2022-12-06,7.41,8.24,7.37,8.24,144767519
2022-12-07,8.01,8.12,7.8,8.05,109613486
2022-12-08,7.58,7.7,7.25,7.25,81465133
2022-12-09,6.95,7.18,6.92,7.13,75329400
2022-12-12,7.08,7.55,7.03,7.43,82484174
2022-12-13,7.33,7.79,7.29,7.57,89487690
2022-12-14,7.47,7.63,7.41,7.57,58777549
2022-12-15,7.54,8.04,7.35,7.77,93168008
2022-12-16,7.56,7.87,7.52,7.67,57336322
2022-12-19,7.46,7.76,7.26,7.66,66815933
2022-12-20,7.54,7.91,7.45,7.48,72934718
2022-12-21,7.08,7.49,7.05,7.38,60076745
2022-12-22,7.33,7.71,7.31,7.51,60000200
2022-12-23,7.45,7.76,7.08,7.2,60632602
2022-12-26,7.63,7.92,7.47,7.71,127470355
2022-12-27,7.41,8.47,7.21,8.23,148794204
2022-12-28,8.04,8.09,7.75,7.85,94767445
2022-12-29,7.8,8.16,7.7,7.9,79172121
2022-12-30,7.89,7.94,7.67,7.85,56185381
2023-01-03,7.74,7.86,7.48,7.86,56825699
2023-01-04,7.77,7.99,7.72,7.83,57681815
2023-01-05,7.9,7.94,7.61,7.82,44973481
2023-01-06,7.83,8.09,7.76,7.93,67916001
2023-01-09,7.77,7.88,7.65,7.85,42978118
2023-01-10,7.87,8.0,7.75,7.78,35708374
2023-01-11,7.73,7.78,7.26,7.26,63758030
2023-01-12,7.11,7.26,7.06,7.11,32841499
2023-01-13,7.11,7.21,7.0,7.17,29542115
2023-01-16,7.08,7.24,7.08,7.18,23779008
2023-01-17,7.14,7.37,7.12,7.29,30243126
2023-01-18,7.24,7.34,7.21,7.24,19695500
2023-01-19,7.25,7.29,7.16,7.18,18306931
2023-01-20,7.21,7.49,7.19,7.45,35921833
2023-01-30,7.55,7.92,7.39,7.79,57559737
2023-01-31,7.79,8.57,7.72,8.3,103210019
2023-02-01,8.18,8.43,8.18,8.41,79008302
2023-02-02,8.39,8.59,8.3,8.41,61378058
2023-02-03,8.4,8.55,8.31,8.5,59682499
2023-02-06,8.35,8.38,8.13,8.28,48038483
2023-02-07,8.28,8.35,8.18,8.34,38364120
2023-02-08,8.29,8.32,8.1,8.13,35927430
2023-02-09,8.0,8.24,7.95,8.17,31478706
2023-02-10,8.27,8.92,8.19,8.61,101809173
2023-02-13,8.76,8.92,8.6,8.79,80694622
2023-02-14,8.79,8.8,7.93,8.14,109356581
2023-02-15,8.19,8.25,7.99,8.04,56224351
2023-02-16,8.04,8.05,7.7,7.79,59255853
2023-02-17,7.74,7.84,7.74,7.84,29265110
2023-02-20,7.85,7.89,7.74,7.89,25812315
2023-02-21,7.88,8.03,7.83,7.98,32115352
2023-02-22,8.03,8.12,7.92,7.97,35817780
2023-02-23,7.9,8.0,7.85,7.92,23370398
2023-02-24,7.92,7.93,7.75,7.84,19923461
2023-02-27,7.78,7.83,7.73,7.73,15093342
2023-02-28,7.74,7.79,7.71,7.78,14051499
2023-03-01,7.77,7.88,7.73,7.88,21301746
2023-03-02,7.86,7.92,7.79,7.82,17631337
2023-03-03,7.82,7.89,7.75,7.88,17642962
2023-03-06,7.86,8.19,7.83,8.16,61227725
2023-03-07,8.15,8.15,7.81,7.85,40614500
2023-03-08,7.78,7.78,7.53,7.65,31197079
2023-03-09,7.61,7.62,7.4,7.42,25725201
2023-03-10,7.35,7.53,7.32,7.48,20223820
2023-03-13,7.48,7.56,7.37,7.53,17231107
2023-03-14,7.5,7.7,7.45,7.62,27204797
2023-03-15,7.55,7.63,7.51,7.58,16828607
2023-03-16,7.6,7.81,7.57,7.63,30958544
2023-03-17,7.55,7.76,7.43,7.57,27220553
2023-03-20,7.49,7.5,7.18,7.19,31972900
2023-03-21,7.16,7.26,7.14,7.25,13264966
2023-03-22,7.27,7.31,7.17,7.23,14221415
2023-03-23,7.24,7.24,7.13,7.18,14740846
2023-03-24,7.23,7.23,7.1,7.13,14315616
2023-03-27,7.15,7.19,7.11,7.15,12619800
2023-03-28,7.16,7.29,7.12,7.23,20238348
2023-03-29,7.17,7.18,7.01,7.02,19453005
2023-03-30,7.04,7.05,6.86,6.91,14965700
2023-03-31,6.88,7.09,6.88,7.06,15944220
2023-04-03,7.02,7.11,6.98,7.11,13157343
2023-04-04,7.09,7.1,6.94,7.0,13292719
2023-04-06,7.01,7.02,6.87,6.94,12189920
2023-04-07,6.93,7.0,6.9,6.99,8732220
2023-04-10,6.99,6.99,6.76,6.79,14926851
2023-04-11,6.77,6.86,6.77,6.86,8998576
2023-04-12,6.85,6.86,6.72,6.76,11001730
2023-04-13,6.69,6.73,6.48,6.65,17993608
2023-04-14,6.65,6.69,6.55,6.66,10753410
2023-04-17,6.65,6.74,6.6,6.73,10469306
2023-04-18,6.7,6.76,6.67,6.68,9424522
2023-04-19,6.7,6.75,6.64,6.71,10523646
2023-04-20,6.72,6.8,6.61,6.68,12120394
2023-04-21,6.64,6.98,6.62,6.87,32161422
2023-04-24,6.88,6.92,6.62,6.64,21034125
2023-04-25,6.55,6.67,6.26,6.33,20076122
2023-04-26,6.33,6.55,6.27,6.48,15205924
2023-04-27,6.47,6.53,6.41,6.45,8989740
2023-04-28,6.45,6.69,6.42,6.69,14998534
2023-05-04,6.75,7.05,6.75,7.04,32755297
2023-05-05,7.04,7.04,6.87,6.99,21023959
2023-05-08,6.96,7.08,6.9,7.07,19553700
2023-05-09,7.06,7.07,6.91,6.95,17173616
2023-05-10,6.94,7.04,6.89,6.93,12769400
2023-05-11,6.95,7.08,6.93,7.03,17035761
2023-05-12,7.01,7.08,6.98,7.0,12344322
2023-05-15,7.04,7.07,6.88,7.03,12653850
2023-05-16,7.04,7.04,6.89,6.91,10291800
2023-05-17,6.91,7.0,6.82,6.98,10759702
2023-05-18,6.95,6.98,6.89,6.92,9044001
2023-05-19,6.9,7.01,6.77,7.0,13932960
2023-05-22,7.07,7.46,7.0,7.34,50367651
2023-05-23,7.2,7.36,7.03,7.04,37257148
2023-05-24,7.07,7.09,6.8,6.8,25948344
2023-05-25,6.8,6.84,6.6,6.66,19817753
2023-05-26,6.68,6.68,6.5,6.59,13766662
2023-05-29,6.58,6.68,6.55,6.56,12358099
2023-05-30,6.54,6.54,6.41,6.5,12501905
2023-05-31,6.57,6.72,6.55,6.61,19149204
2023-06-01,6.58,6.78,6.5,6.78,20933399
2023-06-02,6.71,6.75,6.68,6.75,13516224
2023-06-05,6.75,6.75,6.65,6.69,8954714
2023-06-06,6.69,6.7,6.5,6.51,11730800
2023-06-07,6.48,6.6,6.47,6.55,7169427
2023-06-08,6.53,6.76,6.52,6.69,17450900
2023-06-09,6.67,6.68,6.6,6.65,8986926
2023-06-12,6.65,6.74,6.64,6.69,8905764
2023-06-13,6.65,6.69,6.61,6.64,8437702
2023-06-14,6.64,6.74,6.59,6.68,12718549
2023-06-15,6.7,6.7,6.53,6.64,15331117
2023-06-16,6.63,6.79,6.62,6.7,15881484
2023-06-19,6.77,6.83,6.62,6.64,16621229
2023-06-20,6.61,6.65,6.5,6.5,13281402
2023-06-21,6.5,6.54,6.39,6.4,10354842
2023-06-26,6.35,6.41,6.3,6.32,8240102
2023-06-27,6.37,6.42,6.33,6.42,6822224
2023-06-28,6.4,6.42,6.28,6.41,7802500
2023-06-29,6.36,6.5,6.36,6.42,6668000
2023-06-30,6.4,6.49,6.39,6.47,8510290
2023-07-03,6.48,6.58,6.45,6.57,12146104
2023-07-04,6.56,6.6,6.51,6.6,9170225
2023-07-05,6.56,6.61,6.54,6.57,7220900
2023-07-06,6.58,6.66,6.53,6.62,11421279
2023-07-07,6.59,7.0,6.58,6.89,50127884
2023-07-10,6.85,6.87,6.74,6.8,26677997
2023-07-11,6.8,6.83,6.75,6.83,13344773
2023-07-12,6.85,6.96,6.8,6.88,25222689
2023-07-13,6.83,6.85,6.74,6.85,22034944
2023-07-14,6.85,7.0,6.81,6.88,21850302
2023-07-17,6.84,7.0,6.81,6.96,20812505
2023-07-18,7.08,7.18,6.91,6.93,32567351
2023-07-19,6.86,7.05,6.85,6.97,21746738
2023-07-20,7.03,7.09,6.88,6.88,16182563
2023-07-21,6.76,7.07,6.76,6.93,27025200
2023-07-24,6.85,6.9,6.8,6.81,14365095
2023-07-25,6.86,6.88,6.77,6.84,13696825
2023-07-26,6.82,6.86,6.75,6.86,11736310
2023-07-27,6.82,6.84,6.7,6.7,13714000
2023-07-28,6.74,6.79,6.67,6.76,11262466
2023-07-31,6.82,7.1,6.82,7.09,39312501
2023-08-01,7.04,7.05,6.93,6.97,19456502
2023-08-02,6.94,6.95,6.87,6.9,14718020
2023-08-03,6.91,6.96,6.88,6.94,15688252
2023-08-04,6.93,6.94,6.83,6.86,15601181
2023-08-07,6.93,7.4,6.93,7.28,80703432
2023-08-08,7.29,7.3,7.07,7.16,43413387
2023-08-09,7.15,7.23,7.07,7.09,25000090
2023-08-10,7.15,7.18,6.99,7.11,29613000
2023-08-11,7.08,7.08,6.84,6.85,27982797
2023-08-14,6.75,6.77,6.63,6.75,21783146
2023-08-15,6.74,6.89,6.7,6.73,19025576
2023-08-16,6.68,6.7,6.56,6.61,14861400
2023-08-17,6.57,6.66,6.49,6.66,13888644
2023-08-18,6.63,6.68,6.51,6.51,11169100
2023-08-21,6.51,6.58,6.44,6.45,9734700
2023-08-22,6.45,6.52,6.38,6.5,9512749
2023-08-23,6.47,6.6,6.45,6.5,10203524
2023-08-24,6.48,6.58,6.41,6.56,12032000
2023-08-25,6.5,6.63,6.42,6.46,14502900
2023-08-28,6.7,6.78,6.47,6.5,18422615
2023-08-29,6.5,6.62,6.46,6.62,14581415
2023-08-30,6.61,6.63,6.53,6.58,11210999
2023-08-31,6.55,6.56,6.48,6.53,8032500
2023-09-01,6.53,6.58,6.52,6.56,7602320
2023-09-04,6.55,6.62,6.54,6.62,10449323
2023-09-05,6.59,6.6,6.51,6.52,9630400
2023-09-06,6.55,6.56,6.47,6.5,6808600
2023-09-07,6.46,6.54,6.41,6.41,8977459
2023-09-08,6.41,6.43,6.35,6.38,6610400
2023-09-11,6.38,6.45,6.36,6.44,5111957
2023-09-12,6.45,6.49,6.42,6.44,5167100
2023-09-13,6.45,6.47,6.33,6.36,6351300
2023-09-14,6.37,6.37,6.26,6.28,6701200
2023-09-15,6.31,6.36,6.28,6.33,5047572
2023-09-18,6.31,6.36,6.26,6.35,5244410
2023-09-19,6.34,6.41,6.33,6.39,7128511
2023-09-20,6.39,6.44,6.33,6.35,6326800
2023-09-21,6.33,6.35,6.2,6.2,8390000
2023-09-22,6.19,6.27,6.12,6.27,6172129
2023-09-25,6.27,6.32,6.24,6.26,4201300
2023-09-26,6.26,6.27,6.17,6.18,4241492
2023-09-27,6.17,6.21,6.15,6.16,3816620
2023-09-28,6.17,6.22,6.16,6.22,4312921
2023-10-09,6.22,6.23,6.14,6.17,5113175
2023-10-10,6.17,6.21,6.16,6.17,3536300
2023-10-11,6.18,6.19,6.11,6.13,5473100
2023-10-12,6.16,6.21,6.13,6.2,5378641
2023-10-13,6.17,6.17,6.08,6.08,6682920
2023-10-16,6.08,6.18,6.08,6.14,5899169
2023-10-17,6.12,6.13,6.04,6.08,4271901
2023-10-18,6.13,6.35,6.13,6.27,23199203
2023-10-19,6.18,6.24,6.07,6.08,13104246
2023-10-20,6.04,6.04,5.86,5.93,9744100
2023-10-23,5.93,5.95,5.69,5.75,9181290
2023-10-24,5.78,5.91,5.75,5.85,6915955
2023-10-25,5.87,5.94,5.86,5.91,5313957
2023-10-26,5.9,5.9,5.78,5.89,5988633
2023-10-27,5.86,5.97,5.83,5.95,6330256
2023-10-30,5.97,6.06,5.95,6.05,6739575
2023-10-31,6.01,6.04,5.98,6.03,5811300
2023-11-01,6.03,6.06,6.0,6.03,3755300
2023-11-02,6.04,6.05,5.94,5.95,4671619
2023-11-03,5.96,6.03,5.94,6.01,4534340
2023-11-06,6.02,6.08,6.0,6.08,6891662
2023-11-07,6.05,6.09,6.01,6.08,6826462
2023-11-08,6.06,6.09,6.02,6.05,5512500
2023-11-09,6.03,6.08,6.02,6.02,5232600
2023-11-10,6.16,6.38,6.16,6.18,27235276
2023-11-13,6.1,6.13,6.05,6.1,14617666
2023-11-14,6.09,6.12,6.07,6.11,8119900
2023-11-15,6.14,6.15,6.09,6.11,7272801
2023-11-16,6.1,6.14,6.08,6.08,5737366
2023-11-17,6.09,6.11,6.05,6.1,5628402
2023-11-20,6.11,6.18,6.09,6.16,7478600
2023-11-21,6.17,6.18,6.11,6.13,7681200
2023-11-22,6.11,6.17,6.1,6.11,5742500
2023-11-23,6.1,6.17,6.1,6.16,6156450
2023-11-24,6.15,6.22,6.14,6.17,8001460
2023-11-27,6.17,6.31,6.16,6.29,18599896
2023-11-28,6.28,6.55,6.22,6.49,29228054
2023-11-29,6.52,6.57,6.45,6.47,24523900
2023-11-30,6.47,6.5,6.35,6.4,17305630
2023-12-01,6.4,6.49,6.37,6.41,12482801
2023-12-04,6.37,6.4,6.28,6.3,13756274
2023-12-05,6.29,6.36,6.26,6.26,8812100
2023-12-06,6.23,6.43,6.22,6.39,12008102
2023-12-07,6.37,6.39,6.25,6.36,9175858
2023-12-08,6.39,6.43,6.15,6.18,14556455
2023-12-11,6.15,6.17,6.06,6.16,10771500
2023-12-12,6.15,6.17,6.1,6.15,5537900
2023-12-13,6.12,6.14,6.09,6.1,5691110
2023-12-14,6.12,6.46,6.12,6.3,27030412
2023-12-15,6.26,6.51,6.26,6.36,26200610
2023-12-18,6.3,6.58,6.25,6.29,22836878
2023-12-19,6.25,6.45,6.17,6.38,20659130
2023-12-20,6.38,6.52,6.33,6.38,21245990
2023-12-21,6.44,6.51,6.21,6.3,32881952
2023-12-22,6.16,6.17,5.9,5.91,28905470
2023-12-25,5.9,5.91,5.79,5.84,10359000
2023-12-26,5.85,5.88,5.78,5.81,5946800
2023-12-27,5.86,5.9,5.81,5.87,6329900
2023-12-28,5.86,5.95,5.8,5.92,9096642
2023-12-29,5.9,6.02,5.9,6.0,7819702
2024-01-02,6.0,6.26,5.99,6.22,18349262
2024-01-03,6.21,6.38,6.19,6.25,13206102
2024-01-04,6.27,6.32,6.2,6.23,8595148
2024-01-05,6.2,6.25,6.08,6.12,8735700
2024-01-08,6.12,6.14,5.95,5.95,7721900
2024-01-09,5.98,6.07,5.93,5.97,6744400
2024-01-10,5.98,6.02,5.92,5.98,5373600
2024-01-11,5.95,6.08,5.94,6.0,6894000
2024-01-12,6.01,6.08,5.97,5.97,5612901
2024-01-15,5.99,6.05,5.97,5.98,5501600
2024-01-16,5.97,6.0,5.84,5.91,6874176
2024-01-17,5.9,5.92,5.77,5.77,5479161
2024-01-18,5.7,5.74,5.4,5.62,14427635
2024-01-19,5.59,5.6,5.53,5.56,4620186
2024-01-22,5.54,5.54,5.1,5.15,10580807
2024-01-23,5.15,5.23,5.07,5.21,6435027
2024-01-24,5.26,5.31,5.15,5.3,7199401
2024-01-25,5.33,5.51,5.3,5.5,8376000
2024-01-26,5.54,5.71,5.5,5.63,10052500
2024-01-29,5.62,5.65,5.54,5.54,7097200
2024-01-30,5.59,6.09,5.52,6.09,32681302
2024-01-31,6.09,6.18,5.75,5.84,45334972
2024-02-01,5.7,6.08,5.61,5.93,38898684
2024-02-02,5.75,6.02,5.6,5.9,32134161
2024-02-05,5.7,6.0,5.31,5.31,34583126
2024-02-06,4.81,5.49,4.78,5.24,31323348
2024-02-07,5.19,5.49,5.01,5.21,23496092
2024-02-08,5.16,5.4,5.11,5.4,19597888
2024-02-19,5.4,5.52,5.33,5.46,16737878
2024-02-20,5.4,5.44,5.35,5.43,11771874
2024-02-21,5.43,5.61,5.36,5.59,22299755
2024-02-22,5.58,5.78,5.52,5.68,24928408
2024-02-23,5.63,5.69,5.58,5.69,17741600
2024-02-26,5.69,5.74,5.62,5.68,16846300
2024-02-27,5.68,5.8,5.63,5.76,17839697
2024-02-28,5.74,6.18,5.58,5.9,40620002
2024-02-29,5.77,6.11,5.65,6.02,37575473
2024-03-01,5.99,5.99,5.89,5.93,21203527
2024-03-04,5.95,6.08,5.9,6.03,21805298
2024-03-05,6.0,6.0,5.81,5.81,18475556
2024-03-06,5.79,5.83,5.71,5.77,12190594
2024-03-07,5.77,5.87,5.74,5.74,11718210
2024-03-08,5.72,5.77,5.63,5.74,10141415
2024-03-11,5.75,5.79,5.72,5.79,9226433
2024-03-12,5.79,5.92,5.77,5.92,15900147
2024-03-13,6.01,6.05,5.85,5.87,17284895
2024-03-14,5.8,5.89,5.78,5.82,9700872
2024-03-15,5.8,6.08,5.79,6.03,29913201
2024-03-18,5.97,6.02,5.88,5.98,23001339
2024-03-19,5.95,6.03,5.93,5.96,15700126
2024-03-20,6.02,6.06,5.96,5.99,13318759
2024-03-21,5.95,6.08,5.95,6.05,19056578
2024-03-22,6.08,6.08,5.88,5.89,18851703
2024-03-25,5.83,5.87,5.68,5.69,12643581
2024-03-26,5.7,5.76,5.58,5.68,9584463
2024-03-27,5.69,5.72,5.6,5.61,9767221
2024-03-28,5.59,5.68,5.57,5.63,8798560
2024-03-29,5.64,5.76,5.63,5.74,10061302
2024-04-01,5.73,5.8,5.72,5.79,10601668
2024-04-02,5.79,5.79,5.73,5.78,7035775
2024-04-03,5.75,5.87,5.75,5.86,11723600
2024-04-08,5.89,5.89,5.77,5.84,10227508
2024-04-09,5.82,5.9,5.71,5.88,11532301
2024-04-10,5.85,5.9,5.7,5.73,8424600
2024-04-11,5.69,5.85,5.63,5.8,11829994
2024-04-12,5.75,5.82,5.51,5.57,12682294
2024-04-15,5.5,5.54,5.13,5.27,17208290
2024-04-16,5.23,5.24,4.94,4.95,15867360
2024-04-17,4.99,5.22,4.99,5.2,11647484
2024-04-18,5.21,5.25,5.14,5.18,7987460
2024-04-19,5.17,5.32,5.13,5.29,13603751
2024-04-22,5.22,5.32,5.19,5.27,8747200
2024-04-23,5.27,5.31,5.22,5.25,6776396
2024-04-24,5.24,5.27,5.17,5.23,6012945
2024-04-25,5.22,5.26,5.17,5.24,5474900
2024-04-26,5.24,5.26,5.17,5.26,7930837
2024-04-29,5.35,5.49,5.35,5.47,14485856
2024-04-30,5.51,5.54,5.42,5.45,8765706
2024-05-06,5.49,5.58,5.48,5.55,8518300
2024-05-07,5.56,5.58,5.5,5.54,7062766
2024-05-08,5.57,5.57,5.51,5.54,7020100
2024-05-09,5.57,5.68,5.53,5.63,13230802
2024-05-10,5.63,5.73,5.55,5.56,12490300
2024-05-13,5.56,5.56,5.45,5.46,8660604
2024-05-14,5.49,5.59,5.47,5.58,8811500
2024-05-15,5.58,5.6,5.52,5.52,5810300
2024-05-16,5.58,5.59,5.54,5.56,5428500
2024-05-17,5.58,5.59,5.49,5.56,6681689
2024-05-20,5.55,5.64,5.53,5.58,7849100
2024-05-21,5.58,5.59,5.48,5.49,6755101
2024-05-22,5.52,5.55,5.47,5.5,5017700
2024-05-23,5.48,5.49,5.33,5.36,6756402
2024-05-24,5.49,5.77,5.48,5.5,22566600
2024-05-27,5.33,5.42,5.28,5.34,15326980
2024-05-28,5.3,5.32,5.26,5.27,7657400
2024-05-29,5.25,5.34,5.25,5.29,5327316
2024-05-30,5.25,5.31,5.23,5.26,4981200
2024-05-31,5.25,5.28,5.24,5.26,4675310
2024-06-03,5.28,5.28,5.12,5.16,7674110
2024-06-04,5.16,5.18,5.07,5.16,6543762
2024-06-05,5.15,5.15,5.06,5.07,6023803
2024-06-06,5.06,5.1,4.84,4.88,11859134
2024-06-07,4.9,5.04,4.9,5.02,8183260
2024-06-11,5.02,5.02,4.92,4.97,4790000
2024-06-12,4.99,5.04,4.98,5.0,5425043
2024-06-13,4.99,4.99,4.9,4.91,6158100
2024-06-14,4.9,5.0,4.89,4.99,7181650
2024-06-17,4.95,4.99,4.93,4.94,4850750
2024-06-18,4.95,4.98,4.91,4.95,4501901
2024-06-19,4.93,4.97,4.9,4.9,4216200
2024-06-20,4.88,4.9,4.75,4.76,6610100
2024-06-21,4.78,4.82,4.72,4.77,3236800
2024-06-24,4.73,4.74,4.59,4.61,5782002
2024-06-25,4.63,4.74,4.61,4.66,5180100
2024-06-26,4.67,4.77,4.62,4.76,5194960
2024-06-27,4.76,4.8,4.69,4.73,5205900
2024-06-28,4.72,4.85,4.71,4.77,5920002
2024-07-01,4.77,4.89,4.75,4.86,7623900
2024-07-02,4.83,5.01,4.83,4.92,9541144
2024-07-03,4.93,5.02,4.89,4.91,6898300
2024-07-04,4.88,4.9,4.74,4.76,6510460
2024-07-05,4.79,4.8,4.69,4.78,4358300
2024-07-08,4.8,4.8,4.62,4.63,5060800
2024-07-09,4.62,4.67,4.43,4.63,8396436
2024-07-10,4.65,4.69,4.57,4.66,7119714
2024-07-11,4.71,4.87,4.71,4.86,8987689
2024-07-12,4.86,4.92,4.82,4.88,7505934
2024-07-15,4.88,4.91,4.8,4.82,6112785
2024-07-16,4.85,4.85,4.76,4.81,4444600
2024-07-17,4.83,4.91,4.79,4.88,6708572
2024-07-18,4.99,5.07,4.91,4.97,19796191
2024-07-19,4.88,4.92,4.76,4.86,12846254
2024-07-22,4.84,4.86,4.78,4.84,6896994
2024-07-23,4.84,4.87,4.72,4.73,7048800
2024-07-24,4.56,4.59,4.41,4.49,11758093
2024-07-25,4.46,4.55,4.36,4.51,7342901
2024-07-26,4.53,4.62,4.52,4.61,5653901
2024-07-29,4.62,4.64,4.57,4.59,3873600
2024-07-30,4.62,4.67,4.58,4.66,4640800
2024-07-31,4.65,4.77,4.63,4.77,5472400
2024-08-01,4.8,4.82,4.73,4.76,5290500
2024-08-02,4.74,4.82,4.73,4.74,5696046
2024-08-05,4.73,4.8,4.69,4.69,6523200
2024-08-06,4.9,4.99,4.76,4.8,11836248
2024-08-07,4.74,4.8,4.72,4.73,6882248
2024-08-08,4.71,5.09,4.71,5.02,23329369
2024-08-09,4.95,4.97,4.83,4.86,18023000
2024-08-12,4.81,4.88,4.8,4.84,7183400
2024-08-13,4.88,4.88,4.79,4.85,5885700
2024-08-14,4.84,4.85,4.77,4.79,5276100
2024-08-15,4.76,4.85,4.73,4.84,7508200
2024-08-16,4.83,4.85,4.73,4.73,5077300
2024-08-19,4.72,4.79,4.71,4.73,4754794
2024-08-20,4.73,4.73,4.59,4.6,6073085
2024-08-21,4.6,4.62,4.56,4.57,2573949
2024-08-22,4.59,4.59,4.48,4.49,4707000
2024-08-23,4.58,4.58,4.47,4.49,3431259
2024-08-26,4.48,4.65,4.48,4.64,7327136
2024-08-27,4.62,4.67,4.6,4.63,5014300
2024-08-28,4.61,4.73,4.58,4.7,7368785
2024-08-29,4.7,4.71,4.64,4.69,5325102
2024-08-30,4.7,4.78,4.64,4.73,9068300
2024-09-02,4.72,4.8,4.68,4.69,7504000
2024-09-03,4.65,4.76,4.65,4.75,5696440
2024-09-04,4.72,4.85,4.72,4.73,8741700
2024-09-05,4.75,4.77,4.71,4.76,5993620
2024-09-06,4.75,4.78,4.69,4.7,4376500
2024-09-09,4.68,4.74,4.6,4.73,5506088
2024-09-10,4.73,4.75,4.63,4.69,4107388
2024-09-11,4.71,4.71,4.53,4.56,5842500
2024-09-12,4.57,4.63,4.56,4.58,4003040
2024-09-13,4.58,4.6,4.53,4.57,3915007
2024-09-18,4.56,4.58,4.44,4.5,4687800
2024-09-19,4.52,4.8,4.52,4.76,14591328
2024-09-20,4.73,4.76,4.68,4.76,6546320
2024-09-23,4.73,4.79,4.73,4.78,5062820
2024-09-24,4.8,4.89,4.79,4.88,8303700
2024-09-25,4.93,4.99,4.86,4.88,10643423
2024-09-26,4.85,5.05,4.83,5.01,13674653
2024-09-27,5.08,5.18,5.03,5.16,11867402
2024-09-30,5.31,5.6,5.18,5.55,37863350
2024-10-08,6.1,6.1,5.41,5.68,41536551
2024-10-09,5.67,5.67,5.26,5.28,22096164
2024-10-10,5.3,5.47,5.3,5.39,15980890
2024-10-11,5.38,5.39,5.15,5.23,11270100
2024-10-14,5.23,5.34,5.21,5.32,10529740
2024-10-15,5.3,5.35,5.24,5.25,10832122
2024-10-16,5.2,5.31,5.18,5.28,7823200
2024-10-17,5.29,5.38,5.2,5.22,12943742
2024-10-18,5.21,5.32,5.13,5.27,14830903
2024-10-21,5.26,5.58,5.22,5.45,26531054
2024-10-22,5.42,5.69,5.41,5.57,26199593
2024-10-23,5.59,5.6,5.47,5.56,20023129
2024-10-24,5.54,5.57,5.47,5.51,11299101
2024-10-25,5.5,5.63,5.5,5.58,22429090
2024-10-28,5.59,5.88,5.58,5.86,35669883
2024-10-29,5.79,5.86,5.7,5.74,24818308
2024-10-30,5.73,5.82,5.7,5.75,17940457
2024-10-31,5.72,5.85,5.71,5.77,20812882
2024-11-01,5.74,5.89,5.69,5.72,28725421
2024-11-04,5.75,5.77,5.61,5.67,17854002
2024-11-05,5.69,5.75,5.63,5.73,21307482
2024-11-06,5.77,6.3,5.73,6.3,81311329
2024-11-07,6.4,6.7,6.3,6.38,101771598
2024-11-08,6.28,6.38,6.12,6.27,53576657
2024-11-11,6.26,6.27,6.06,6.23,39237509
2024-11-12,6.19,6.26,6.08,6.13,30338885
2024-11-13,6.15,6.24,6.01,6.13,26319876
2024-11-14,6.1,6.37,6.06,6.2,34730319
2024-11-15,6.15,6.15,5.88,5.92,27888055
2024-11-18,5.92,5.95,5.65,5.68,19922705
2024-11-19,5.68,5.72,5.58,5.72,15080762
2024-11-20,5.71,5.87,5.66,5.82,15588764
2024-11-21,5.81,5.88,5.74,5.83,13819501
2024-11-22,5.8,5.86,5.65,5.66,15522900
2024-11-25,5.66,5.78,5.6,5.76,13937421
2024-11-26,5.81,6.07,5.81,5.85,24076142
2024-11-27,5.8,5.85,5.64,5.84,15279583
2024-11-28,5.85,6.24,5.82,6.12,47247844
2024-11-29,6.05,6.26,6.03,6.21,39348161
2024-12-02,6.22,6.48,6.17,6.39,45464763
2024-12-03,6.38,6.44,6.22,6.27,32136364
2024-12-04,6.22,6.34,6.11,6.16,25651712
2024-12-05,6.11,6.2,6.09,6.18,18100334
2024-12-06,6.18,6.26,6.14,6.21,18074600
2024-12-09,6.19,6.28,6.13,6.22,20386862
2024-12-10,6.32,6.37,6.15,6.16,23988722
2024-12-11,6.16,6.26,6.13,6.25,17528700
2024-12-12,6.27,6.37,6.2,6.37,26783921
2024-12-13,6.33,6.42,6.29,6.34,29657201
2024-12-16,6.36,6.63,6.36,6.6,68527643
2024-12-17,6.62,7.01,6.4,6.67,90036708
2024-12-18,6.52,6.81,6.41,6.48,61562545
2024-12-19,6.36,6.37,6.02,6.18,56825786
2024-12-20,6.14,6.27,6.03,6.06,31984709
2024-12-23,6.06,6.06,5.66,5.67,34814087
2024-12-24,5.67,5.74,5.58,5.74,21970707
2024-12-25,5.74,5.76,5.53,5.61,16949337
2024-12-26,5.6,5.74,5.58,5.68,16609700
2024-12-27,5.65,6.25,5.63,6.25,60942676
2024-12-30,6.24,6.33,6.03,6.04,53596895
2024-12-31,6.08,6.2,5.92,5.92,32951940
2025-01-02,5.99,6.09,5.84,5.89,31701722
2025-01-03,5.95,5.96,5.51,5.52,31148542
2025-01-06,5.5,5.57,5.27,5.4,22014542
2025-01-07,5.4,5.7,5.4,5.64,31239000
2025-01-08,5.59,5.63,5.34,5.51,25884843
2025-01-09,5.46,5.71,5.4,5.58,24237480
2025-01-10,5.57,5.65,5.45,5.46,20608205
2025-01-13,5.41,5.53,5.33,5.48,15624226
2025-01-14,5.49,5.69,5.47,5.69,20184000
2025-01-15,5.66,5.83,5.62,5.76,20502500
2025-01-16,5.78,5.93,5.75,5.84,24236500
2025-01-17,5.81,5.89,5.79,5.87,16335000
2025-01-20,5.9,5.92,5.76,5.81,15397600
2025-01-21,5.81,5.85,5.6,5.66,15341700
2025-01-22,5.66,5.68,5.55,5.58,12064100
2025-01-23,5.67,6.05,5.67,5.71,30428200
2025-01-24,5.62,5.75,5.59,5.73,20500844
2025-01-27,5.76,5.94,5.76,5.85,27056000
2025-02-05,5.89,5.99,5.78,5.94,28689812
2025-02-06,5.9,6.01,5.83,6.01,25917900
2025-02-07,5.99,6.06,5.92,6.02,33784570
2025-02-10,5.98,6.06,5.96,6.06,23524991
2025-02-11,6.04,6.1,5.99,6.05,21494562
2025-02-12,6.02,6.09,5.97,6.05,24632682
2025-02-13,6.09,6.3,6.04,6.04,39971200
2025-02-14,6.08,6.2,6.01,6.18,32528111
2025-02-17,6.14,6.32,6.12,6.26,42688922
2025-02-18,6.21,6.22,5.96,5.99,32511580
2025-02-19,6.01,6.07,5.97,6.05,18284520
2025-02-20,6.04,6.15,6.0,6.13,24434306
2025-02-21,6.08,6.18,6.07,6.14,24477923
2025-02-24,6.36,6.5,6.11,6.13,75527317
2025-02-25,5.95,5.99,5.8,5.83,45468933
2025-02-26,5.81,5.83,5.72,5.8,24881946
2025-02-27,5.78,5.83,5.76,5.82,19162501
2025-02-28,5.81,5.81,5.68,5.7,16538620
2025-03-03,5.71,5.85,5.71,5.81,19861941
2025-03-04,5.83,5.9,5.76,5.87,21537492
2025-03-05,5.87,5.87,5.71,5.76,17172551
2025-03-06,5.76,5.78,5.71,5.77,15993879
2025-03-07,5.75,5.77,5.7,5.71,14507700
2025-03-10,5.73,5.75,5.66,5.7,10223599
2025-03-11,5.62,5.74,5.61,5.73,12492396
2025-03-12,5.71,5.74,5.68,5.69,10882761
2025-03-13,5.69,5.71,5.59,5.63,11731246
2025-03-14,5.64,5.72,5.62,5.72,13893362
2025-03-17,5.75,5.77,5.73,5.75,13088954
2025-03-18,5.77,5.77,5.7,5.74,8338000
2025-03-19,5.74,5.76,5.69,5.71,9017074
2025-03-20,5.72,5.73,5.68,5.69,8363400
2025-03-21,5.67,5.7,5.63,5.63,9680200
2025-03-24,5.65,5.69,5.55,5.63,12530311
2025-03-25,5.6,5.69,5.57,5.67,9474310
2025-03-26,5.65,5.72,5.62,5.7,8838274
2025-03-27,5.67,5.71,5.63,5.68,8145701
2025-03-28,5.68,5.68,5.57,5.59,8901000
2025-03-31,5.6,5.6,5.46,5.5,8009800
2025-04-01,5.52,5.62,5.51,5.58,8480103
2025-04-02,5.57,5.61,5.55,5.58,6349641
2025-04-03,5.6,5.97,5.6,5.77,30898522
2025-04-07,5.99,6.35,5.85,6.35,141972294
2025-04-08,6.36,6.99,6.01,6.99,151789228
2025-04-09,7.15,7.69,6.7,7.1,194744666
2025-04-10,6.5,7.3,6.5,7.03,152187132
2025-04-11,6.79,6.82,6.37,6.38,110555789
2025-04-14,6.28,6.64,6.28,6.5,85334615
2025-04-15,6.46,6.89,6.28,6.6,97280079
2025-04-16,6.5,6.65,6.17,6.35,75958498
2025-04-17,6.31,6.38,6.2,6.31,46863201
2025-04-18,6.31,6.37,6.11,6.16,42451300
2025-04-21,6.06,6.19,6.04,6.15,31097800
2025-04-22,6.1,6.34,6.1,6.34,50690283
2025-04-23,6.22,6.22,6.07,6.09,49279101
2025-04-24,6.05,6.1,5.94,5.96,32946800
2025-04-25,5.95,6.0,5.91,5.91,24644600
2025-04-28,5.91,5.96,5.75,5.77,25870520
2025-04-29,5.76,5.83,5.72,5.8,17512221
2025-04-30,5.94,6.18,5.94,6.05,63755564
2025-05-06,6.12,6.2,6.01,6.16,42690541
2025-05-07,6.17,6.38,6.14,6.3,60154822
2025-05-08,6.22,6.28,6.15,6.25,33772721
2025-05-09,6.24,6.46,6.24,6.27,51411700
2025-05-12,6.19,6.26,6.1,6.14,44347903
2025-05-13,6.13,6.2,6.12,6.16,23715703
2025-05-14,6.18,6.21,6.09,6.21,24550200
2025-05-15,6.18,6.33,6.13,6.28,37792500
2025-05-16,6.28,6.28,6.11,6.2,25932200
2025-05-19,6.2,6.26,6.18,6.25,20962601
2025-05-20,6.24,6.33,6.24,6.32,25018202
2025-05-21,6.31,6.36,6.22,6.29,18523300
2025-05-22,6.26,6.31,6.14,6.15,18563400
2025-05-23,6.17,6.19,6.02,6.04,19871300
2025-05-26,6.02,6.12,6.02,6.09,12517902
2025-05-27,6.07,6.19,6.07,6.18,15716000
2025-05-28,6.15,6.2,6.05,6.08,11990404
2025-05-29,6.07,6.14,6.02,6.1,12220602
2025-05-30,6.08,6.17,6.06,6.11,16901300
2025-06-03,6.06,6.2,6.03,6.15,19241302
2025-06-04,6.15,6.28,6.07,6.27,27899400
2025-06-05,6.22,6.27,6.15,6.17,20139400
2025-06-06,6.16,6.24,6.13,6.18,18742601
2025-06-09,6.17,6.22,6.14,6.19,18290600
2025-06-10,6.21,6.56,6.07,6.4,87827387
2025-06-11,6.3,6.44,6.28,6.36,59819422
2025-06-12,6.36,6.38,6.2,6.29,37261800
2025-06-13,6.29,6.35,6.21,6.27,35479841
2025-06-16,6.24,6.33,6.22,6.28,25932240
2025-06-17,6.3,6.4,6.27,6.35,37206602
2025-06-18,6.33,6.37,6.21,6.26,29846402
2025-06-19,6.22,6.25,6.01,6.02,34668041
2025-06-20,6.04,6.1,6.02,6.03,16366026
2025-06-23,6.0,6.11,5.96,6.09,17140900
2025-06-24,6.09,6.15,6.05,6.14,18855405
2025-06-25,6.13,6.19,6.1,6.16,18448898
2025-06-26,6.14,6.18,6.12,6.14,17748800
2025-06-27,6.14,6.19,6.13,6.16,14527601
2025-06-30,6.17,6.2,6.13,6.19,15587842
2025-07-01,6.19,6.27,6.18,6.27,24847320
2025-07-02,6.27,6.32,6.23,6.3,22661800
2025-07-03,6.29,6.33,6.25,6.32,22193200
2025-07-04,6.32,6.37,6.27,6.35,32870438
2025-07-07,6.37,6.76,6.33,6.6,87280500
2025-07-08,6.57,6.73,6.5,6.69,60028519
2025-07-09,6.67,6.8,6.57,6.6,40445200
2025-07-10,6.61,6.65,6.51,6.6,29884522
2025-07-11,6.58,6.6,6.51,6.59,27072301
2025-07-14,6.56,6.61,6.53,6.55,20424000
2025-07-15,6.53,6.54,6.29,6.34,36150920
2025-07-16,6.33,6.42,6.31,6.41,20860400
2025-07-17,6.4,6.49,6.38,6.41,18184124
2025-07-18,6.44,6.47,6.41,6.46,16564300
2025-07-21,6.46,6.63,6.41,6.57,26195100
2025-07-22,6.55,6.6,6.49,6.6,23364701
2025-07-23,6.6,6.65,6.51,6.54,20688763
2025-07-24,6.55,6.7,6.51,6.67,41788863
2025-07-25,6.7,6.78,6.59,6.59,31053500
2025-07-28,6.61,6.65,6.55,6.6,21634643
2025-07-29,6.57,6.6,6.42,6.49,23870032
2025-07-30,6.45,6.8,6.45,6.71,53571954
2025-07-31,6.71,6.74,6.58,6.69,44448666
2025-08-01,6.68,6.72,6.56,6.57,23699740
2025-08-04,6.54,6.72,6.46,6.63,26518785
2025-08-05,6.63,6.73,6.63,6.68,25187241
2025-08-06,6.68,6.75,6.63,6.75,23730761
2025-08-07,6.74,7.13,6.72,7.0,63810872
2025-08-08,6.88,6.97,6.85,6.91,39188572
2025-08-11,6.9,6.98,6.8,6.97,31210913
2025-08-12,6.95,6.99,6.79,6.81,32350909
2025-08-13,6.82,6.86,6.73,6.81,22277400
2025-08-14,6.8,6.82,6.62,6.66,29019833
2025-08-15,6.62,6.66,6.53,6.64,49224300
2025-08-18,6.65,6.72,6.62,6.67,39927032
2025-08-19,6.65,6.74,6.65,6.67,30402209
2025-08-20,6.66,6.75,6.62,6.74,31943082
2025-08-21,6.73,6.83,6.68,6.73,36195948
2025-08-22,6.74,6.75,6.57,6.67,36265764
2025-08-25,6.66,6.74,6.63,6.72,36499410
2025-08-26,6.72,6.89,6.69,6.84,49383221
2025-08-27,6.83,6.89,6.71,6.81,49913489
2025-08-28,6.76,6.83,6.55,6.7,41979250
2025-08-29,6.68,6.84,6.61,6.62,36973001
2025-09-01,6.62,6.64,6.55,6.63,23914517
2025-09-02,6.62,6.63,6.55,6.57,24290180
2025-09-03,6.56,6.58,6.32,6.36,29927600
2025-09-04,6.36,6.48,6.32,6.42,22675080
2025-09-05,6.42,6.42,6.26,6.41,22764700
2025-09-08,6.4,6.49,6.38,6.48,18923518
2025-09-09,6.5,6.5,6.38,6.42,12882719
2025-09-10,6.4,6.45,6.38,6.42,9847562
2025-09-11,6.44,6.47,6.39,6.47,16423662
2025-09-12,6.45,6.54,6.43,6.49,23009200
2025-09-15,6.49,6.58,6.46,6.53,17375444
2025-09-16,6.51,6.51,6.39,6.46,19392160
2025-09-17,6.45,6.47,6.39,6.42,14179700
2025-09-18,6.41,6.42,6.3,6.34,17342960
2025-09-19,6.32,6.35,6.26,6.28,10534800
2025-09-22,6.3,6.31,6.18,6.23,11459000
2025-09-23,6.22,6.22,6.09,6.19,13833444
2025-09-24,6.17,6.23,6.16,6.23,9525044
2025-09-25,6.23,6.24,6.15,6.17,8323326
2025-09-26,6.18,6.28,6.16,6.2,10616303
2025-09-29,6.19,6.19,6.07,6.18,11609942
2025-09-30,6.18,6.2,6.14,6.17,7831001
2025-10-09,6.2,6.25,6.16,6.25,9229743
2025-10-10,6.24,6.34,6.22,6.34,17242044
2025-10-13,6.52,6.68,6.4,6.43,50211423
2025-10-14,6.31,6.62,6.31,6.56,49603908
2025-10-15,6.49,6.49,6.36,6.42,32221400
2025-10-16,6.45,6.47,6.37,6.39,22147200
2025-10-17,6.38,6.44,6.31,6.34,22164600
2025-10-20,6.33,6.36,6.27,6.33,18650520
2025-10-21,6.31,6.37,6.27,6.36,17051880
2025-10-22,6.33,6.39,6.31,6.34,16822502
2025-10-23,6.33,6.41,6.31,6.41,17544582
2025-10-24,6.4,6.44,6.36,6.37,18120701
2025-10-27,6.35,6.42,6.3,6.37,19456013
2025-10-28,6.37,6.41,6.34,6.39,11907202
2025-10-29,6.39,6.4,6.29,6.35,14180312
2025-10-30,6.34,6.39,6.29,6.33,17396523
2025-10-31,6.32,6.39,6.3,6.36,15527635
2025-11-03,6.36,6.44,6.35,6.43,19057136
2025-11-04,6.43,6.48,6.39,6.47,19517575
2025-11-05,6.44,6.57,6.41,6.54,24676813
2025-11-06,6.51,6.56,6.5,6.54,18252000
2025-11-07,6.56,6.63,6.53,6.57,19466901
2025-11-10,6.58,6.62,6.53,6.58,17342181
2025-11-11,6.57,6.63,6.53,6.61,18612842
2025-11-12,6.62,6.65,6.56,6.58,17314900
2025-11-13,6.59,6.62,6.53,6.61,18939300
2025-11-14,6.62,6.7,6.58,6.59,15534520
2025-11-17,6.65,6.68,6.59,6.66,18445262
2025-11-18,6.65,6.71,6.57,6.67,22381525
2025-11-19,6.65,6.67,6.52,6.63,18309218
2025-11-20,6.62,6.64,6.48,6.58,20167142
2025-11-21,6.59,6.85,6.46,6.46,68649060
2025-11-24,6.39,6.59,6.36,6.48,46269351
2025-11-25,6.47,6.52,6.39,6.48,24269600
2025-11-26,6.48,6.59,6.4,6.42,23501964
2025-11-27,6.4,6.46,6.31,6.36,16067600
2025-11-28,6.36,6.5,6.28,6.5,21166021
2025-12-01,6.5,6.7,6.47,6.6,26863799
2025-12-02,6.6,6.69,6.51,6.67,24206754
2025-12-03,6.63,6.7,6.56,6.61,17653800
2025-12-04,6.59,6.61,6.4,6.41,22103900
2025-12-05,6.41,6.6,6.36,6.6,27129922
2025-12-08,6.59,6.66,6.57,6.64,19801715
2025-12-09,6.62,6.64,6.46,6.58,20341704
2025-12-10,6.62,6.75,6.58,6.73,38452106
2025-12-11,6.72,6.73,6.53,6.59,30098207
2025-12-12,6.56,6.73,6.5,6.59,31488133
2025-12-15,6.55,6.67,6.5,6.62,19747202
2025-12-16,6.61,6.73,6.51,6.58,26375460
2025-12-17,6.53,6.56,6.22,6.35,43558126
2025-12-18,6.29,6.52,6.26,6.44,29044103
2025-12-19,6.42,6.73,6.4,6.72,41691234
2025-12-22,6.7,6.8,6.67,6.78,27137383
2025-12-23,6.78,6.82,6.67,6.79,31497429
2025-12-24,6.76,6.77,6.68,6.75,20480000
2025-12-25,6.77,6.77,6.67,6.74,16856520
2025-12-26,6.7,6.85,6.7,6.8,29846781
2025-12-29,6.78,6.78,6.65,6.7,21329961
2025-12-30,6.67,6.85,6.57,6.71,36161394
2025-12-31,6.67,6.69,6.43,6.47,42916535
2026-01-05,6.49,6.5,6.41,6.44,32552123
2026-01-06,6.44,6.58,6.44,6.55,33357485
2026-01-07,6.55,6.6,6.43,6.53,29276625
2026-01-08,6.5,6.61,6.49,6.55,23454403
2026-01-09,6.53,6.75,6.52,6.72,42480714
2026-01-12,6.71,6.73,6.64,6.73,30712020
2026-01-13,6.74,6.75,6.59,6.6,30667774
2026-01-14,6.59,6.7,6.5,6.58,29490444
2026-01-15,6.58,6.69,6.56,6.65,26516605
2026-01-16,6.68,6.73,6.55,6.57,27110118
2026-01-19,6.57,6.76,6.55,6.76,35888380
2026-01-20,6.75,6.79,6.68,6.78,24479243
2026-01-21,6.79,6.8,6.66,6.75,21392500
2026-01-22,6.71,6.86,6.71,6.85,30527695
2026-01-23,6.83,6.85,6.78,6.82,23029356
2026-01-26,6.81,6.98,6.79,6.92,39503198
2026-01-27,6.91,6.91,6.69,6.78,30409500
2026-01-28,6.77,7.21,6.76,7.11,79693349
2026-01-29,7.04,7.37,7.04,7.2,79416303
2026-01-30,7.2,7.92,7.15,7.92,152230646
2026-02-02,7.76,7.8,7.28,7.46,139836630
2026-02-03,7.37,7.43,7.22,7.34,80757844
2026-02-04,7.35,7.39,6.96,7.15,111238474
2026-02-05,7.04,7.18,6.77,6.85,86248371
2026-02-06,6.78,6.91,6.73,6.81,51423096
2026-02-09,6.81,6.84,6.77,6.84,40519169
2026-02-10,6.81,6.85,6.73,6.82,32871202
2026-02-11,6.8,6.86,6.77,6.79,25032287
2026-02-12,6.77,6.79,6.64,6.65,35225204
2026-02-13,6.64,6.7,6.63,6.66,20090484
2026-02-24,6.72,6.82,6.68,6.82,35535941
2026-02-25,6.8,6.96,6.79,6.89,44880579
2026-02-26,6.9,7.05,6.85,6.91,42433920
2026-02-27,6.88,7.08,6.86,7.05,47104269
2026-03-02,7.03,7.27,7.03,7.15,61778382
2026-03-03,7.16,7.54,7.12,7.22,100292788
2026-03-04,7.27,7.78,7.27,7.65,132628547
2026-03-05,7.19,7.25,6.91,6.94,101867153
2026-03-06,6.91,7.63,6.91,7.63,167211737
2026-03-09,7.8,8.34,7.77,7.84,151488108
2026-03-10,7.78,7.86,7.61,7.69,94546193
2026-03-11,7.65,7.79,7.58,7.66,67118249
2026-03-12,7.7,7.71,7.37,7.5,52531498
2026-03-13,7.61,7.77,7.39,7.4,59880867
2026-03-16,7.41,8.09,7.37,7.93,113037755
2026-03-17,7.68,7.97,7.49,7.51,67720478
2026-03-18,7.51,7.54,7.2,7.31,46559456
2026-03-19,7.41,7.49,7.04,7.08,50878012
2026-03-20,7.09,7.11,6.84,6.85,39553438
2026-03-23,6.69,6.7,6.28,6.33,53186503
2026-03-24,6.42,6.48,6.23,6.46,36523800
2026-03-25,6.46,6.63,6.4,6.61,31236803
2026-03-26,6.58,6.8,6.43,6.52,31333702
2026-03-27,6.44,7.13,6.42,6.81,64684455
2026-03-30,6.73,7.15,6.73,7.01,65751065
2026-03-31,6.94,7.01,6.61,6.63,50536678
2026-04-01,6.7,6.74,6.48,6.53,31022201
