datetime,symbol,date,time,period,open,high,low,close,volume,amount
2026-01-29 09:45:00,601112,2026-01-29,09:45:00,15,30.0,30.99,27.0,27.05,35487915,1019060259.0
2026-01-29 10:00:00,601112,2026-01-29,10:00:00,15,27.03,27.47,26.88,26.88,14036729,379842442.0
2026-01-29 10:15:00,601112,2026-01-29,10:15:00,15,26.87,26.87,25.66,25.88,13519091,351729661.0
2026-01-29 10:30:00,601112,2026-01-29,10:30:00,15,25.87,27.53,25.3,27.53,9615962,248500860.0
2026-01-29 10:45:00,601112,2026-01-29,10:45:00,15,27.56,27.68,25.91,26.42,5838544,155070274.0
2026-01-29 11:00:00,601112,2026-01-29,11:00:00,15,26.43,26.43,26.06,26.06,2934406,76940803.0
2026-01-29 11:15:00,601112,2026-01-29,11:15:00,15,26.06,26.4,25.8,26.14,3268590,85102695.0
2026-01-29 11:30:00,601112,2026-01-29,11:30:00,15,26.14,26.2,25.98,26.19,2422857,63223525.0
2026-01-29 13:15:00,601112,2026-01-29,13:15:00,15,26.16,26.35,25.53,26.05,4237832,110067210.0
2026-01-29 13:30:00,601112,2026-01-29,13:30:00,15,26.06,26.06,25.8,25.89,2383656,61796554.0
2026-01-29 13:45:00,601112,2026-01-29,13:45:00,15,25.88,25.89,25.7,25.74,2683923,69159616.0
2026-01-29 14:00:00,601112,2026-01-29,14:00:00,15,25.73,25.74,25.48,25.48,3276903,83866348.0
2026-01-29 14:15:00,601112,2026-01-29,14:15:00,15,25.48,25.99,25.33,25.4,3655918,93560944.0
2026-01-29 14:30:00,601112,2026-01-29,14:30:00,15,25.4,25.79,25.39,25.39,2884075,73664618.0
2026-01-29 14:45:00,601112,2026-01-29,14:45:00,15,25.38,25.38,25.0,25.05,5875819,147859227.0
2026-01-29 15:00:00,601112,2026-01-29,15:00:00,15,25.04,25.05,24.32,24.78,8106935,200979425.0
2026-01-30 09:45:00,601112,2026-01-30,09:45:00,15,22.85,22.85,21.42,21.85,23554615,520651299.0
2026-01-30 10:00:00,601112,2026-01-30,10:00:00,15,21.86,22.02,21.62,21.83,6782643,147548293.0
2026-01-30 10:15:00,601112,2026-01-30,10:15:00,15,21.85,23.42,21.85,22.9,8327638,190768681.0
2026-01-30 10:30:00,601112,2026-01-30,10:30:00,15,22.91,23.15,22.4,22.99,2583161,58773907.0
2026-01-30 10:45:00,601112,2026-01-30,10:45:00,15,22.99,23.01,22.62,22.84,1793184,40961091.0
2026-01-30 11:00:00,601112,2026-01-30,11:00:00,15,22.81,22.85,22.03,22.34,2534680,56793556.0
2026-01-30 11:15:00,601112,2026-01-30,11:15:00,15,22.34,22.41,21.88,21.88,1835252,40617005.0
2026-01-30 11:30:00,601112,2026-01-30,11:30:00,15,21.88,22.4,21.87,22.16,1339660,29613549.0
2026-01-30 13:15:00,601112,2026-01-30,13:15:00,15,22.15,22.16,21.86,21.92,1943992,42731725.0
2026-01-30 13:30:00,601112,2026-01-30,13:30:00,15,21.91,22.28,21.91,22.18,1627511,36014745.0
2026-01-30 13:45:00,601112,2026-01-30,13:45:00,15,22.18,22.22,22.0,22.03,1417698,31240121.0
2026-01-30 14:00:00,601112,2026-01-30,14:00:00,15,22.03,22.05,21.83,21.83,1890477,41585040.0
2026-01-30 14:15:00,601112,2026-01-30,14:15:00,15,21.81,22.57,21.8,22.57,2444306,53612960.0
2026-01-30 14:30:00,601112,2026-01-30,14:30:00,15,22.6,22.88,22.1,22.1,2505490,56294289.0
2026-01-30 14:45:00,601112,2026-01-30,14:45:00,15,22.09,22.09,21.83,21.92,2874959,63145149.0
2026-01-30 15:00:00,601112,2026-01-30,15:00:00,15,21.91,21.92,21.64,21.68,7158258,155610143.0
2026-02-02 09:45:00,601112,2026-02-02,09:45:00,15,21.0,21.24,20.51,20.74,12580172,261436567.0
2026-02-02 10:00:00,601112,2026-02-02,10:00:00,15,20.74,21.42,20.59,21.17,4878561,102706363.0
2026-02-02 10:15:00,601112,2026-02-02,10:15:00,15,21.18,21.38,21.01,21.01,2105649,44642225.0
2026-02-02 10:30:00,601112,2026-02-02,10:30:00,15,21.0,21.03,20.76,20.88,2365829,49402456.0
2026-02-02 10:45:00,601112,2026-02-02,10:45:00,15,20.88,20.96,20.71,20.73,1822476,37950951.0
2026-02-02 11:00:00,601112,2026-02-02,11:00:00,15,20.73,20.9,20.73,20.77,1067203,22218264.0
2026-02-02 11:15:00,601112,2026-02-02,11:15:00,15,20.77,22.49,20.75,22.49,5491900,119220564.0
2026-02-02 11:30:00,601112,2026-02-02,11:30:00,15,22.49,22.49,22.01,22.08,5252127,116586744.0
2026-02-02 13:15:00,601112,2026-02-02,13:15:00,15,22.09,22.2,21.72,22.18,1872610,41145567.0
2026-02-02 13:30:00,601112,2026-02-02,13:30:00,15,22.19,22.22,21.8,21.94,1603995,35380830.0
2026-02-02 13:45:00,601112,2026-02-02,13:45:00,15,21.94,21.99,21.56,21.79,1232693,26831299.0
2026-02-02 14:00:00,601112,2026-02-02,14:00:00,15,21.8,22.17,21.72,21.92,1818640,40033049.0
2026-02-02 14:15:00,601112,2026-02-02,14:15:00,15,21.9,22.11,21.82,21.87,1185740,26056318.0
2026-02-02 14:30:00,601112,2026-02-02,14:30:00,15,21.88,21.98,21.8,21.86,934640,20438478.0
2026-02-02 14:45:00,601112,2026-02-02,14:45:00,15,21.86,21.86,21.57,21.58,2079554,45125836.0
2026-02-02 15:00:00,601112,2026-02-02,15:00:00,15,21.57,21.62,21.41,21.53,4105385,88341608.0
2026-02-03 09:45:00,601112,2026-02-03,09:45:00,15,21.0,21.48,20.81,21.4,8819982,185728125.0
2026-02-03 10:00:00,601112,2026-02-03,10:00:00,15,21.39,21.39,21.11,21.12,2586090,54833515.0
2026-02-03 10:15:00,601112,2026-02-03,10:15:00,15,21.12,21.23,21.02,21.15,2436183,51455652.0
2026-02-03 10:30:00,601112,2026-02-03,10:30:00,15,21.15,21.16,20.93,20.98,2428002,51137297.0
2026-02-03 10:45:00,601112,2026-02-03,10:45:00,15,20.97,21.08,20.89,20.89,2017526,42242366.0
2026-02-03 11:00:00,601112,2026-02-03,11:00:00,15,20.9,21.1,20.87,21.06,1549315,32433694.0
2026-02-03 11:15:00,601112,2026-02-03,11:15:00,15,21.06,21.06,20.89,20.92,1152945,24162263.0
2026-02-03 11:30:00,601112,2026-02-03,11:30:00,15,20.93,20.98,20.81,20.98,2676142,55835226.0
2026-02-03 13:15:00,601112,2026-02-03,13:15:00,15,20.98,21.36,20.88,21.2,2140572,45188933.0
2026-02-03 13:30:00,601112,2026-02-03,13:30:00,15,21.2,21.32,21.0,21.01,1692605,35823883.0
2026-02-03 13:45:00,601112,2026-02-03,13:45:00,15,21.01,21.14,20.91,21.14,1861806,39048276.0
2026-02-03 14:00:00,601112,2026-02-03,14:00:00,15,21.13,21.13,20.96,21.02,1309903,27541893.0
2026-02-03 14:15:00,601112,2026-02-03,14:15:00,15,21.01,21.07,20.98,21.0,1427599,29991779.0
2026-02-03 14:30:00,601112,2026-02-03,14:30:00,15,21.0,21.01,20.86,20.9,2920937,61146776.0
2026-02-03 14:45:00,601112,2026-02-03,14:45:00,15,20.9,20.94,20.86,20.9,2969070,62047589.0
2026-02-03 15:00:00,601112,2026-02-03,15:00:00,15,20.89,20.91,20.85,20.91,5432604,113443639.0
2026-02-04 09:45:00,601112,2026-02-04,09:45:00,15,20.62,20.62,20.24,20.36,7620719,155791669.0
2026-02-04 10:00:00,601112,2026-02-04,10:00:00,15,20.36,20.39,20.18,20.26,4689962,95070121.0
2026-02-04 10:15:00,601112,2026-02-04,10:15:00,15,20.26,20.36,20.19,20.23,2746467,55604804.0
2026-02-04 10:30:00,601112,2026-02-04,10:30:00,15,20.22,20.27,20.19,20.19,2031567,41083476.0
2026-02-04 10:45:00,601112,2026-02-04,10:45:00,15,20.2,20.33,20.18,20.22,1603001,32394613.0
2026-02-04 11:00:00,601112,2026-02-04,11:00:00,15,20.22,20.27,20.18,20.2,1156645,23382139.0
2026-02-04 11:15:00,601112,2026-02-04,11:15:00,15,20.21,20.22,20.17,20.19,1260758,25451814.0
2026-02-04 11:30:00,601112,2026-02-04,11:30:00,15,20.2,20.2,20.07,20.08,2324136,46747285.0
2026-02-04 13:15:00,601112,2026-02-04,13:15:00,15,20.09,20.21,20.0,20.01,2108801,42293421.0
2026-02-04 13:30:00,601112,2026-02-04,13:30:00,15,20.01,21.18,20.0,21.05,5162945,106417329.0
2026-02-04 13:45:00,601112,2026-02-04,13:45:00,15,21.09,21.63,21.07,21.32,11137472,238099248.0
2026-02-04 14:00:00,601112,2026-02-04,14:00:00,15,21.31,21.31,21.0,21.16,2467666,52196565.0
2026-02-04 14:15:00,601112,2026-02-04,14:15:00,15,21.16,21.19,21.07,21.11,999708,21107491.0
2026-02-04 14:30:00,601112,2026-02-04,14:30:00,15,21.12,21.12,20.87,20.93,1445934,30340593.0
2026-02-04 14:45:00,601112,2026-02-04,14:45:00,15,20.91,20.95,20.57,20.64,2735042,56696017.0
2026-02-04 15:00:00,601112,2026-02-04,15:00:00,15,20.64,20.75,20.52,20.54,4587830,94367152.0
2026-02-05 09:45:00,601112,2026-02-05,09:45:00,15,20.08,20.11,19.74,19.88,8788564,175084208.0
2026-02-05 10:00:00,601112,2026-02-05,10:00:00,15,19.88,19.93,19.81,19.81,3773467,74940143.0
2026-02-05 10:15:00,601112,2026-02-05,10:15:00,15,19.81,19.87,19.76,19.78,3054784,60491906.0
2026-02-05 10:30:00,601112,2026-02-05,10:30:00,15,19.78,19.9,19.75,19.8,1990709,39388135.0
2026-02-05 10:45:00,601112,2026-02-05,10:45:00,15,19.8,19.96,19.77,19.86,972938,19343359.0
2026-02-05 11:00:00,601112,2026-02-05,11:00:00,15,19.86,19.86,19.78,19.83,1165927,23086596.0
2026-02-05 11:15:00,601112,2026-02-05,11:15:00,15,19.84,19.88,19.8,19.81,637066,12632039.0
2026-02-05 11:30:00,601112,2026-02-05,11:30:00,15,19.81,19.87,19.8,19.84,502385,9959177.0
2026-02-05 13:15:00,601112,2026-02-05,13:15:00,15,19.85,20.03,19.81,20.0,1068729,21247850.0
2026-02-05 13:30:00,601112,2026-02-05,13:30:00,15,20.01,20.03,19.89,19.92,839400,16768732.0
2026-02-05 13:45:00,601112,2026-02-05,13:45:00,15,19.93,19.95,19.82,19.95,753368,14969411.0
2026-02-05 14:00:00,601112,2026-02-05,14:00:00,15,19.95,19.96,19.86,19.86,853785,16975454.0
2026-02-05 14:15:00,601112,2026-02-05,14:15:00,15,19.86,19.88,19.82,19.84,1038332,20605949.0
2026-02-05 14:30:00,601112,2026-02-05,14:30:00,15,19.85,19.85,19.76,19.76,1719388,34036829.0
2026-02-05 14:45:00,601112,2026-02-05,14:45:00,15,19.77,19.78,19.66,19.69,3082778,60776034.0
2026-02-05 15:00:00,601112,2026-02-05,15:00:00,15,19.69,19.69,19.58,19.58,4986498,97838748.0
2026-02-06 09:45:00,601112,2026-02-06,09:45:00,15,19.32,19.37,19.11,19.22,4980407,95856789.0
2026-02-06 10:00:00,601112,2026-02-06,10:00:00,15,19.22,19.31,19.22,19.25,1329395,25595183.0
2026-02-06 10:15:00,601112,2026-02-06,10:15:00,15,19.25,19.29,19.21,19.24,1310674,25202971.0
2026-02-06 10:30:00,601112,2026-02-06,10:30:00,15,19.24,19.36,19.21,19.31,1250170,24110477.0
2026-02-06 10:45:00,601112,2026-02-06,10:45:00,15,19.31,19.37,19.28,19.33,849552,16419764.0
2026-02-06 11:00:00,601112,2026-02-06,11:00:00,15,19.34,19.74,19.33,19.66,2589794,50794845.0
2026-02-06 11:15:00,601112,2026-02-06,11:15:00,15,19.66,19.66,19.56,19.64,952904,18702724.0
2026-02-06 11:30:00,601112,2026-02-06,11:30:00,15,19.65,19.77,19.63,19.65,1007280,19840851.0
2026-02-06 13:15:00,601112,2026-02-06,13:15:00,15,19.65,19.67,19.5,19.56,667200,13067017.0
2026-02-06 13:30:00,601112,2026-02-06,13:30:00,15,19.56,19.61,19.49,19.6,771043,15056329.0
2026-02-06 13:45:00,601112,2026-02-06,13:45:00,15,19.59,19.62,19.54,19.58,492092,9637944.0
2026-02-06 14:00:00,601112,2026-02-06,14:00:00,15,19.58,19.58,19.52,19.55,557510,10892909.0
2026-02-06 14:15:00,601112,2026-02-06,14:15:00,15,19.54,19.55,19.43,19.45,1003105,19551718.0
2026-02-06 14:30:00,601112,2026-02-06,14:30:00,15,19.46,19.5,19.41,19.43,1069046,20797395.0
2026-02-06 14:45:00,601112,2026-02-06,14:45:00,15,19.43,19.46,19.42,19.42,975920,18968219.0
2026-02-06 15:00:00,601112,2026-02-06,15:00:00,15,19.42,19.43,19.28,19.29,3104512,60002649.0
2026-02-09 09:45:00,601112,2026-02-09,09:45:00,15,19.45,19.88,19.4,19.79,5706845,112107004.0
2026-02-09 10:00:00,601112,2026-02-09,10:00:00,15,19.8,19.91,19.67,19.76,3192205,63223576.0
2026-02-09 10:15:00,601112,2026-02-09,10:15:00,15,19.75,19.85,19.71,19.78,1481239,29283063.0
2026-02-09 10:30:00,601112,2026-02-09,10:30:00,15,19.78,20.0,19.78,19.86,3396064,67517900.0
2026-02-09 10:45:00,601112,2026-02-09,10:45:00,15,19.86,19.95,19.86,19.87,1124224,22362910.0
2026-02-09 11:00:00,601112,2026-02-09,11:00:00,15,19.87,19.93,19.84,19.84,869968,17289118.0
2026-02-09 11:15:00,601112,2026-02-09,11:15:00,15,19.84,19.86,19.79,19.8,1026500,20339931.0
2026-02-09 11:30:00,601112,2026-02-09,11:30:00,15,19.8,19.87,19.79,19.85,666161,13209436.0
2026-02-09 13:15:00,601112,2026-02-09,13:15:00,15,19.85,19.86,19.79,19.79,596475,11818648.0
2026-02-09 13:30:00,601112,2026-02-09,13:30:00,15,19.79,19.87,19.78,19.84,661152,13098865.0
2026-02-09 13:45:00,601112,2026-02-09,13:45:00,15,19.85,19.93,19.84,19.88,1190825,23687043.0
2026-02-09 14:00:00,601112,2026-02-09,14:00:00,15,19.88,19.9,19.86,19.9,1042513,20732772.0
2026-02-09 14:15:00,601112,2026-02-09,14:15:00,15,19.9,19.9,19.84,19.85,670200,13321559.0
2026-02-09 14:30:00,601112,2026-02-09,14:30:00,15,19.85,19.88,19.82,19.84,791394,15707669.0
2026-02-09 14:45:00,601112,2026-02-09,14:45:00,15,19.84,19.86,19.81,19.82,1025317,20335396.0
2026-02-09 15:00:00,601112,2026-02-09,15:00:00,15,19.83,19.84,19.8,19.8,2392854,47419113.0
2026-02-10 09:45:00,601112,2026-02-10,09:45:00,15,19.77,19.77,19.46,19.49,4535349,88631222.0
2026-02-10 10:00:00,601112,2026-02-10,10:00:00,15,19.48,19.54,19.43,19.49,1636161,31863263.0
2026-02-10 10:15:00,601112,2026-02-10,10:15:00,15,19.49,19.52,19.46,19.5,1318929,25692377.0
2026-02-10 10:30:00,601112,2026-02-10,10:30:00,15,19.5,19.83,19.5,19.62,1473820,29026832.0
2026-02-10 10:45:00,601112,2026-02-10,10:45:00,15,19.62,19.64,19.57,19.6,510393,10003681.0
2026-02-10 11:00:00,601112,2026-02-10,11:00:00,15,19.62,19.63,19.55,19.59,526700,10318229.0
2026-02-10 11:15:00,601112,2026-02-10,11:15:00,15,19.59,19.62,19.53,19.55,587420,11501324.0
2026-02-10 11:30:00,601112,2026-02-10,11:30:00,15,19.56,19.57,19.54,19.56,402800,7875906.0
2026-02-10 13:15:00,601112,2026-02-10,13:15:00,15,19.55,19.59,19.54,19.59,431098,8432485.0
2026-02-10 13:30:00,601112,2026-02-10,13:30:00,15,19.59,19.6,19.56,19.57,381400,7464792.0
2026-02-10 13:45:00,601112,2026-02-10,13:45:00,15,19.59,19.6,19.55,19.55,425400,8326910.0
2026-02-10 14:00:00,601112,2026-02-10,14:00:00,15,19.54,19.57,19.53,19.55,552882,10806456.0
2026-02-10 14:15:00,601112,2026-02-10,14:15:00,15,19.56,19.56,19.52,19.52,539037,10530934.0
2026-02-10 14:30:00,601112,2026-02-10,14:30:00,15,19.52,19.54,19.48,19.49,769265,15006456.0
2026-02-10 14:45:00,601112,2026-02-10,14:45:00,15,19.49,19.52,19.49,19.49,747580,14576821.0
2026-02-10 15:00:00,601112,2026-02-10,15:00:00,15,19.49,19.5,19.46,19.46,1643197,32012869.0
2026-02-11 09:45:00,601112,2026-02-11,09:45:00,15,19.51,20.59,19.49,20.56,16229851,329045738.0
2026-02-11 10:00:00,601112,2026-02-11,10:00:00,15,20.58,20.81,20.51,20.67,9800045,202995999.0
2026-02-11 10:15:00,601112,2026-02-11,10:15:00,15,20.67,20.96,20.66,20.7,5412703,112865022.0
2026-02-11 10:30:00,601112,2026-02-11,10:30:00,15,20.7,20.73,20.65,20.71,1471169,30428638.0
2026-02-11 10:45:00,601112,2026-02-11,10:45:00,15,20.71,20.72,20.6,20.69,1298395,26820956.0
2026-02-11 11:00:00,601112,2026-02-11,11:00:00,15,20.68,20.81,20.61,20.77,1462407,30281789.0
2026-02-11 11:15:00,601112,2026-02-11,11:15:00,15,20.77,20.9,20.71,20.75,1351591,28132266.0
2026-02-11 11:30:00,601112,2026-02-11,11:30:00,15,20.74,20.75,20.64,20.64,615997,12730597.0
2026-02-11 13:15:00,601112,2026-02-11,13:15:00,15,20.65,20.8,20.65,20.75,1172172,24279361.0
2026-02-11 13:30:00,601112,2026-02-11,13:30:00,15,20.74,20.77,20.65,20.76,881672,18244979.0
2026-02-11 13:45:00,601112,2026-02-11,13:45:00,15,20.76,20.81,20.72,20.78,1313168,27288052.0
2026-02-11 14:00:00,601112,2026-02-11,14:00:00,15,20.78,20.96,20.76,20.77,2412993,50413554.0
2026-02-11 14:15:00,601112,2026-02-11,14:15:00,15,20.77,20.87,20.72,20.77,767412,15965029.0
2026-02-11 14:30:00,601112,2026-02-11,14:30:00,15,20.78,20.78,20.66,20.66,778378,16148297.0
2026-02-11 14:45:00,601112,2026-02-11,14:45:00,15,20.66,20.73,20.6,20.61,1399054,28914315.0
2026-02-11 15:00:00,601112,2026-02-11,15:00:00,15,20.61,20.67,20.6,20.61,2420288,49921399.0
2026-02-12 09:45:00,601112,2026-02-12,09:45:00,15,20.41,20.55,20.01,20.29,8478183,171491497.0
2026-02-12 10:00:00,601112,2026-02-12,10:00:00,15,20.29,20.37,20.15,20.19,2090011,42349305.0
2026-02-12 10:15:00,601112,2026-02-12,10:15:00,15,20.19,20.27,20.17,20.23,1437264,29039517.0
2026-02-12 10:30:00,601112,2026-02-12,10:30:00,15,20.23,20.4,20.2,20.28,981054,19913456.0
2026-02-12 10:45:00,601112,2026-02-12,10:45:00,15,20.29,20.33,20.21,20.21,836482,16938685.0
2026-02-12 11:00:00,601112,2026-02-12,11:00:00,15,20.21,20.24,20.2,20.21,650676,13153764.0
2026-02-12 11:15:00,601112,2026-02-12,11:15:00,15,20.22,20.29,20.16,20.26,811324,16395683.0
2026-02-12 11:30:00,601112,2026-02-12,11:30:00,15,20.27,20.32,20.26,20.29,346735,7031939.0
2026-02-12 13:15:00,601112,2026-02-12,13:15:00,15,20.3,20.31,20.21,20.21,585465,11858249.0
2026-02-12 13:30:00,601112,2026-02-12,13:30:00,15,20.22,20.22,20.18,20.2,730528,14751008.0
2026-02-12 13:45:00,601112,2026-02-12,13:45:00,15,20.2,20.33,20.19,20.25,556000,11264252.0
2026-02-12 14:00:00,601112,2026-02-12,14:00:00,15,20.25,20.26,20.19,20.19,605866,12250696.0
2026-02-12 14:15:00,601112,2026-02-12,14:15:00,15,20.19,20.25,20.18,20.25,758000,15309838.0
2026-02-12 14:30:00,601112,2026-02-12,14:30:00,15,20.24,20.24,20.12,20.15,1132200,22845298.0
2026-02-12 14:45:00,601112,2026-02-12,14:45:00,15,20.15,20.16,20.08,20.12,1442400,29007623.0
2026-02-12 15:00:00,601112,2026-02-12,15:00:00,15,20.11,20.11,20.03,20.04,2976234,59687412.0
2026-02-13 09:45:00,601112,2026-02-13,09:45:00,15,19.9,20.01,19.82,19.9,3076942,61181919.0
2026-02-13 10:00:00,601112,2026-02-13,10:00:00,15,19.9,19.93,19.74,19.78,2656581,52670902.0
2026-02-13 10:15:00,601112,2026-02-13,10:15:00,15,19.79,19.98,19.76,19.86,1491847,29608358.0
2026-02-13 10:30:00,601112,2026-02-13,10:30:00,15,19.83,19.95,19.83,19.92,695534,13844089.0
2026-02-13 10:45:00,601112,2026-02-13,10:45:00,15,19.92,19.95,19.81,19.83,719400,14310060.0
2026-02-13 11:00:00,601112,2026-02-13,11:00:00,15,19.84,19.87,19.82,19.85,387800,7694060.0
2026-02-13 11:15:00,601112,2026-02-13,11:15:00,15,19.84,19.86,19.81,19.85,377800,7491158.0
2026-02-13 11:30:00,601112,2026-02-13,11:30:00,15,19.85,19.85,19.78,19.8,512435,10148358.0
2026-02-13 13:15:00,601112,2026-02-13,13:15:00,15,19.83,19.84,19.79,19.81,396600,7855138.0
2026-02-13 13:30:00,601112,2026-02-13,13:30:00,15,19.81,19.82,19.76,19.76,589366,11659617.0
2026-02-13 13:45:00,601112,2026-02-13,13:45:00,15,19.76,19.82,19.75,19.82,431135,8529912.0
2026-02-13 14:00:00,601112,2026-02-13,14:00:00,15,19.81,19.81,19.76,19.77,422300,8350453.0
2026-02-13 14:15:00,601112,2026-02-13,14:15:00,15,19.77,19.79,19.71,19.73,912065,18011474.0
2026-02-13 14:30:00,601112,2026-02-13,14:30:00,15,19.74,19.75,19.71,19.72,547100,10792436.0
2026-02-13 14:45:00,601112,2026-02-13,14:45:00,15,19.72,19.75,19.66,19.66,1366400,26915557.0
2026-02-13 15:00:00,601112,2026-02-13,15:00:00,15,19.67,19.67,19.62,19.64,1770988,34774698.0
2026-02-24 09:45:00,601112,2026-02-24,09:45:00,15,19.86,20.09,19.86,19.93,3619715,72279592.0
2026-02-24 10:00:00,601112,2026-02-24,10:00:00,15,19.93,20.3,19.92,20.16,3675738,74127494.0
2026-02-24 10:15:00,601112,2026-02-24,10:15:00,15,20.16,20.48,20.15,20.43,3187847,64896918.0
2026-02-24 10:30:00,601112,2026-02-24,10:30:00,15,20.43,20.49,20.35,20.47,1916200,39171976.0
2026-02-24 10:45:00,601112,2026-02-24,10:45:00,15,20.46,20.5,20.42,20.45,1463299,29948230.0
2026-02-24 11:00:00,601112,2026-02-24,11:00:00,15,20.45,20.52,20.43,20.48,1272201,26059368.0
2026-02-24 11:15:00,601112,2026-02-24,11:15:00,15,20.48,20.5,20.44,20.5,894840,18325478.0
2026-02-24 11:30:00,601112,2026-02-24,11:30:00,15,20.5,20.77,20.47,20.73,2530037,52170601.0
2026-02-24 13:15:00,601112,2026-02-24,13:15:00,15,20.73,21.12,20.73,20.89,3800600,79549613.0
2026-02-24 13:30:00,601112,2026-02-24,13:30:00,15,20.88,21.05,20.76,20.98,1976649,41333582.0
2026-02-24 13:45:00,601112,2026-02-24,13:45:00,15,20.98,21.0,20.86,20.87,1423494,29812038.0
2026-02-24 14:00:00,601112,2026-02-24,14:00:00,15,20.88,20.93,20.87,20.89,692800,14479501.0
2026-02-24 14:15:00,601112,2026-02-24,14:15:00,15,20.89,20.92,20.82,20.86,727035,15171078.0
2026-02-24 14:30:00,601112,2026-02-24,14:30:00,15,20.86,20.94,20.85,20.9,1051950,21982952.0
2026-02-24 14:45:00,601112,2026-02-24,14:45:00,15,20.9,20.92,20.85,20.86,1661800,34700115.0
2026-02-24 15:00:00,601112,2026-02-24,15:00:00,15,20.86,20.89,20.79,20.8,2997000,62436497.0
2026-02-25 09:45:00,601112,2026-02-25,09:45:00,15,20.82,21.28,20.82,20.95,7339071,154657577.0
2026-02-25 10:00:00,601112,2026-02-25,10:00:00,15,20.95,21.65,20.93,21.4,7587655,162381933.0
2026-02-25 10:15:00,601112,2026-02-25,10:15:00,15,21.42,21.56,21.42,21.56,2087233,44883467.0
2026-02-25 10:30:00,601112,2026-02-25,10:30:00,15,21.56,21.56,21.36,21.46,1624527,34849652.0
2026-02-25 10:45:00,601112,2026-02-25,10:45:00,15,21.46,21.5,21.36,21.38,1000023,21431571.0
2026-02-25 11:00:00,601112,2026-02-25,11:00:00,15,21.38,21.44,21.28,21.38,1474443,31489068.0
2026-02-25 11:15:00,601112,2026-02-25,11:15:00,15,21.38,21.41,21.21,21.24,1242099,26435235.0
2026-02-25 11:30:00,601112,2026-02-25,11:30:00,15,21.25,21.27,21.18,21.23,889211,18870500.0
2026-02-25 13:15:00,601112,2026-02-25,13:15:00,15,21.24,21.31,21.14,21.3,1262365,26788746.0
2026-02-25 13:30:00,601112,2026-02-25,13:30:00,15,21.3,21.35,21.29,21.31,622100,13262604.0
2026-02-25 13:45:00,601112,2026-02-25,13:45:00,15,21.31,21.33,21.26,21.29,762657,16243336.0
2026-02-25 14:00:00,601112,2026-02-25,14:00:00,15,21.29,21.32,21.28,21.29,675568,14383240.0
2026-02-25 14:15:00,601112,2026-02-25,14:15:00,15,21.28,21.3,21.17,21.23,1363615,28982016.0
2026-02-25 14:30:00,601112,2026-02-25,14:30:00,15,21.23,21.27,21.19,21.19,1149164,24397485.0
2026-02-25 14:45:00,601112,2026-02-25,14:45:00,15,21.19,21.31,21.18,21.29,1436068,30503962.0
2026-02-25 15:00:00,601112,2026-02-25,15:00:00,15,21.29,21.32,21.28,21.32,2578902,54932295.0
2026-02-26 09:45:00,601112,2026-02-26,09:45:00,15,21.05,21.2,20.9,20.9,4544956,95687628.0
2026-02-26 10:00:00,601112,2026-02-26,10:00:00,15,20.91,21.35,20.91,21.28,2534194,53465949.0
2026-02-26 10:15:00,601112,2026-02-26,10:15:00,15,21.27,21.29,21.15,21.25,1236000,26234902.0
2026-02-26 10:30:00,601112,2026-02-26,10:30:00,15,21.23,21.24,21.1,21.1,896130,18972850.0
2026-02-26 10:45:00,601112,2026-02-26,10:45:00,15,21.1,21.16,21.04,21.04,679329,14340564.0
2026-02-26 11:00:00,601112,2026-02-26,11:00:00,15,21.04,21.11,21.03,21.08,685724,14453367.0
2026-02-26 11:15:00,601112,2026-02-26,11:15:00,15,21.07,21.1,21.04,21.07,546009,11503751.0
2026-02-26 11:30:00,601112,2026-02-26,11:30:00,15,21.07,21.16,21.01,21.16,952961,20058001.0
2026-02-26 13:15:00,601112,2026-02-26,13:15:00,15,21.15,21.24,21.01,21.23,1069144,22595940.0
2026-02-26 13:30:00,601112,2026-02-26,13:30:00,15,21.23,21.23,21.18,21.2,447656,9487564.0
2026-02-26 13:45:00,601112,2026-02-26,13:45:00,15,21.2,21.21,21.15,21.18,566801,12000863.0
2026-02-26 14:00:00,601112,2026-02-26,14:00:00,15,21.18,21.19,21.15,21.16,449245,9510488.0
2026-02-26 14:15:00,601112,2026-02-26,14:15:00,15,21.15,21.16,21.13,21.15,545410,11534791.0
2026-02-26 14:30:00,601112,2026-02-26,14:30:00,15,21.15,21.16,21.1,21.12,621348,13132963.0
2026-02-26 14:45:00,601112,2026-02-26,14:45:00,15,21.12,21.18,21.12,21.18,723225,15305860.0
2026-02-26 15:00:00,601112,2026-02-26,15:00:00,15,21.18,21.23,21.18,21.21,1511157,32040566.0
2026-02-27 09:45:00,601112,2026-02-27,09:45:00,15,21.03,21.03,20.87,20.92,2239120,46850208.0
2026-02-27 10:00:00,601112,2026-02-27,10:00:00,15,20.93,20.93,20.87,20.91,1491817,31161655.0
2026-02-27 10:15:00,601112,2026-02-27,10:15:00,15,20.92,21.0,20.91,20.95,913108,19137241.0
2026-02-27 10:30:00,601112,2026-02-27,10:30:00,15,20.97,20.97,20.89,20.89,674492,14101449.0
2026-02-27 10:45:00,601112,2026-02-27,10:45:00,15,20.89,20.93,20.86,20.88,926108,19337680.0
2026-02-27 11:00:00,601112,2026-02-27,11:00:00,15,20.88,20.92,20.85,20.9,622780,13006399.0
2026-02-27 11:15:00,601112,2026-02-27,11:15:00,15,20.9,20.94,20.89,20.92,357500,7476383.0
2026-02-27 11:30:00,601112,2026-02-27,11:30:00,15,20.93,20.93,20.85,20.86,482520,10074898.0
2026-02-27 13:15:00,601112,2026-02-27,13:15:00,15,20.86,20.87,20.84,20.85,389100,8115679.0
2026-02-27 13:30:00,601112,2026-02-27,13:30:00,15,20.84,20.9,20.84,20.87,415474,8671153.0
2026-02-27 13:45:00,601112,2026-02-27,13:45:00,15,20.87,20.9,20.87,20.89,329400,6880305.0
2026-02-27 14:00:00,601112,2026-02-27,14:00:00,15,20.89,20.94,20.88,20.93,329981,6897805.0
2026-02-27 14:15:00,601112,2026-02-27,14:15:00,15,20.93,20.93,20.87,20.88,414800,8667862.0
2026-02-27 14:30:00,601112,2026-02-27,14:30:00,15,20.88,20.9,20.87,20.89,367166,7669075.0
2026-02-27 14:45:00,601112,2026-02-27,14:45:00,15,20.89,20.9,20.87,20.88,699234,14602446.0
2026-02-27 15:00:00,601112,2026-02-27,15:00:00,15,20.88,20.93,20.87,20.93,1106244,23119644.0
2026-03-02 09:45:00,601112,2026-03-02,09:45:00,15,20.59,20.85,20.58,20.78,2960678,61151755.0
2026-03-02 10:00:00,601112,2026-03-02,10:00:00,15,20.76,20.76,20.63,20.64,1213213,25095701.0
2026-03-02 10:15:00,601112,2026-03-02,10:15:00,15,20.64,20.73,20.51,20.51,1463239,30143968.0
2026-03-02 10:30:00,601112,2026-03-02,10:30:00,15,20.51,20.54,20.42,20.52,1308680,26807667.0
2026-03-02 10:45:00,601112,2026-03-02,10:45:00,15,20.5,20.66,20.48,20.65,608048,12489777.0
2026-03-02 11:00:00,601112,2026-03-02,11:00:00,15,20.66,20.84,20.64,20.71,799190,16577092.0
2026-03-02 11:15:00,601112,2026-03-02,11:15:00,15,20.71,20.78,20.65,20.65,540666,11200006.0
2026-03-02 11:30:00,601112,2026-03-02,11:30:00,15,20.65,20.67,20.59,20.67,310497,6405795.0
2026-03-02 13:15:00,601112,2026-03-02,13:15:00,15,20.68,20.7,20.6,20.67,368969,7620405.0
2026-03-02 13:30:00,601112,2026-03-02,13:30:00,15,20.67,20.72,20.67,20.69,275000,5691911.0
2026-03-02 13:45:00,601112,2026-03-02,13:45:00,15,20.69,20.69,20.61,20.61,312700,6458842.0
2026-03-02 14:00:00,601112,2026-03-02,14:00:00,15,20.61,20.62,20.55,20.55,547900,11278722.0
2026-03-02 14:15:00,601112,2026-03-02,14:15:00,15,20.55,20.55,20.49,20.51,617836,12672936.0
2026-03-02 14:30:00,601112,2026-03-02,14:30:00,15,20.5,20.55,20.5,20.51,338823,6953295.0
2026-03-02 14:45:00,601112,2026-03-02,14:45:00,15,20.51,20.52,20.47,20.48,663500,13599588.0
2026-03-02 15:00:00,601112,2026-03-02,15:00:00,15,20.48,20.54,20.46,20.52,855708,17536636.0
2026-03-03 09:45:00,601112,2026-03-03,09:45:00,15,20.52,20.65,20.45,20.46,1419200,29140500.0
2026-03-03 10:00:00,601112,2026-03-03,10:00:00,15,20.45,20.54,20.03,20.03,2199400,44415728.0
2026-03-03 10:15:00,601112,2026-03-03,10:15:00,15,20.02,20.05,19.93,19.99,2066467,41330310.0
2026-03-03 10:30:00,601112,2026-03-03,10:30:00,15,19.98,20.03,19.85,19.99,1205155,24011076.0
2026-03-03 10:45:00,601112,2026-03-03,10:45:00,15,19.99,20.08,19.98,20.04,548910,11001102.0
2026-03-03 11:00:00,601112,2026-03-03,11:00:00,15,20.03,20.13,20.01,20.13,278800,5590810.0
2026-03-03 11:15:00,601112,2026-03-03,11:15:00,15,20.13,20.18,20.09,20.1,379831,7651256.0
2026-03-03 11:30:00,601112,2026-03-03,11:30:00,15,20.09,20.1,20.06,20.06,261366,5247030.0
2026-03-03 13:15:00,601112,2026-03-03,13:15:00,15,20.06,20.08,19.94,19.97,576826,11528388.0
2026-03-03 13:30:00,601112,2026-03-03,13:30:00,15,19.97,19.99,19.9,19.9,514574,10252750.0
2026-03-03 13:45:00,601112,2026-03-03,13:45:00,15,19.9,19.91,19.8,19.82,1033791,20515822.0
2026-03-03 14:00:00,601112,2026-03-03,14:00:00,15,19.82,19.84,19.7,19.71,1106708,21886588.0
2026-03-03 14:15:00,601112,2026-03-03,14:15:00,15,19.71,19.71,19.6,19.65,849100,16707876.0
2026-03-03 14:30:00,601112,2026-03-03,14:30:00,15,19.65,19.69,19.55,19.68,907916,17811930.0
2026-03-03 14:45:00,601112,2026-03-03,14:45:00,15,19.68,19.71,19.49,19.51,1247100,24392009.0
2026-03-03 15:00:00,601112,2026-03-03,15:00:00,15,19.51,19.55,19.5,19.5,1109649,21651893.0
2026-03-04 09:45:00,601112,2026-03-04,09:45:00,15,19.25,19.6,19.21,19.59,1785796,34672250.0
2026-03-04 10:00:00,601112,2026-03-04,10:00:00,15,19.59,19.71,19.57,19.7,775421,15223756.0
2026-03-04 10:15:00,601112,2026-03-04,10:15:00,15,19.71,19.79,19.65,19.68,620089,12224562.0
2026-03-04 10:30:00,601112,2026-03-04,10:30:00,15,19.68,19.68,19.56,19.58,472187,9268708.0
2026-03-04 10:45:00,601112,2026-03-04,10:45:00,15,19.59,19.59,19.37,19.37,736100,14309535.0
2026-03-04 11:00:00,601112,2026-03-04,11:00:00,15,19.37,19.49,19.37,19.44,385559,7496332.0
2026-03-04 11:15:00,601112,2026-03-04,11:15:00,15,19.44,19.45,19.36,19.36,416634,8075973.0
2026-03-04 11:30:00,601112,2026-03-04,11:30:00,15,19.36,19.43,19.36,19.38,250833,4863774.0
2026-03-04 13:15:00,601112,2026-03-04,13:15:00,15,19.38,19.39,19.3,19.34,454168,8784046.0
2026-03-04 13:30:00,601112,2026-03-04,13:30:00,15,19.34,19.4,19.31,19.38,438899,8492792.0
2026-03-04 13:45:00,601112,2026-03-04,13:45:00,15,19.38,19.49,19.36,19.41,383900,7454287.0
2026-03-04 14:00:00,601112,2026-03-04,14:00:00,15,19.41,19.46,19.41,19.42,196800,3825191.0
2026-03-04 14:15:00,601112,2026-03-04,14:15:00,15,19.42,19.42,19.31,19.32,452200,8750114.0
2026-03-04 14:30:00,601112,2026-03-04,14:30:00,15,19.32,19.36,19.32,19.32,359800,6955623.0
2026-03-04 14:45:00,601112,2026-03-04,14:45:00,15,19.33,19.34,19.28,19.31,732600,14149332.0
2026-03-04 15:00:00,601112,2026-03-04,15:00:00,15,19.32,19.32,19.28,19.3,868067,16753790.0
2026-03-05 09:45:00,601112,2026-03-05,09:45:00,15,19.66,19.67,19.47,19.54,1357461,26565355.0
2026-03-05 10:00:00,601112,2026-03-05,10:00:00,15,19.54,19.66,19.54,19.54,730900,14319531.0
2026-03-05 10:15:00,601112,2026-03-05,10:15:00,15,19.55,19.63,19.53,19.6,435900,8540344.0
2026-03-05 10:30:00,601112,2026-03-05,10:30:00,15,19.61,19.69,19.61,19.65,513000,10079473.0
2026-03-05 10:45:00,601112,2026-03-05,10:45:00,15,19.65,19.67,19.6,19.64,332800,6534484.0
2026-03-05 11:00:00,601112,2026-03-05,11:00:00,15,19.64,19.69,19.62,19.67,404343,7952764.0
2026-03-05 11:15:00,601112,2026-03-05,11:15:00,15,19.67,19.69,19.63,19.66,262674,5165908.0
2026-03-05 11:30:00,601112,2026-03-05,11:30:00,15,19.66,19.78,19.66,19.71,439800,8667878.0
2026-03-05 13:15:00,601112,2026-03-05,13:15:00,15,19.72,19.72,19.61,19.66,346400,6809442.0
2026-03-05 13:30:00,601112,2026-03-05,13:30:00,15,19.66,19.72,19.66,19.71,289200,5696551.0
2026-03-05 13:45:00,601112,2026-03-05,13:45:00,15,19.71,19.74,19.65,19.65,479631,9435004.0
2026-03-05 14:00:00,601112,2026-03-05,14:00:00,15,19.65,19.65,19.56,19.58,427132,8370715.0
2026-03-05 14:15:00,601112,2026-03-05,14:15:00,15,19.58,19.58,19.47,19.49,634068,12375897.0
2026-03-05 14:30:00,601112,2026-03-05,14:30:00,15,19.49,19.51,19.45,19.51,357100,6953227.0
2026-03-05 14:45:00,601112,2026-03-05,14:45:00,15,19.51,19.51,19.45,19.48,268889,5235633.0
2026-03-05 15:00:00,601112,2026-03-05,15:00:00,15,19.48,19.5,19.46,19.5,704245,13721689.0
2026-03-06 09:45:00,601112,2026-03-06,09:45:00,15,19.5,19.56,19.27,19.47,1273461,24732885.0
2026-03-06 10:00:00,601112,2026-03-06,10:00:00,15,19.47,19.63,19.47,19.52,634400,12403688.0
2026-03-06 10:15:00,601112,2026-03-06,10:15:00,15,19.51,19.61,19.51,19.6,328000,6415883.0
2026-03-06 10:30:00,601112,2026-03-06,10:30:00,15,19.6,19.66,19.57,19.65,462500,9068744.0
2026-03-06 10:45:00,601112,2026-03-06,10:45:00,15,19.65,19.68,19.63,19.65,312500,6140678.0
2026-03-06 11:00:00,601112,2026-03-06,11:00:00,15,19.65,19.65,19.6,19.62,257428,5051180.0
2026-03-06 11:15:00,601112,2026-03-06,11:15:00,15,19.61,19.64,19.61,19.62,211800,4155726.0
2026-03-06 11:30:00,601112,2026-03-06,11:30:00,15,19.62,19.65,19.6,19.64,386424,7582580.0
2026-03-06 13:15:00,601112,2026-03-06,13:15:00,15,19.65,19.65,19.58,19.59,287900,5645708.0
2026-03-06 13:30:00,601112,2026-03-06,13:30:00,15,19.59,19.6,19.54,19.55,342000,6694372.0
2026-03-06 13:45:00,601112,2026-03-06,13:45:00,15,19.55,19.62,19.55,19.58,312407,6119339.0
2026-03-06 14:00:00,601112,2026-03-06,14:00:00,15,19.58,19.59,19.53,19.58,335400,6557875.0
2026-03-06 14:15:00,601112,2026-03-06,14:15:00,15,19.58,19.6,19.56,19.57,195000,3816998.0
2026-03-06 14:30:00,601112,2026-03-06,14:30:00,15,19.57,19.59,19.56,19.58,268322,5252570.0
2026-03-06 14:45:00,601112,2026-03-06,14:45:00,15,19.58,19.59,19.56,19.58,442832,8669915.0
2026-03-06 15:00:00,601112,2026-03-06,15:00:00,15,19.57,19.62,19.57,19.62,779011,15268617.0
2026-03-09 09:45:00,601112,2026-03-09,09:45:00,15,19.27,19.43,19.26,19.4,1811900,34994886.0
2026-03-09 10:00:00,601112,2026-03-09,10:00:00,15,19.41,19.41,19.28,19.31,769400,14870344.0
2026-03-09 10:15:00,601112,2026-03-09,10:15:00,15,19.31,19.49,19.29,19.36,799600,15482528.0
2026-03-09 10:30:00,601112,2026-03-09,10:30:00,15,19.36,19.43,19.35,19.39,294600,5714716.0
2026-03-09 10:45:00,601112,2026-03-09,10:45:00,15,19.39,19.42,19.37,19.4,284051,5509348.0
2026-03-09 11:00:00,601112,2026-03-09,11:00:00,15,19.4,19.48,19.4,19.48,332932,6473116.0
2026-03-09 11:15:00,601112,2026-03-09,11:15:00,15,19.48,19.5,19.42,19.43,385334,7499486.0
2026-03-09 11:30:00,601112,2026-03-09,11:30:00,15,19.42,19.47,19.41,19.41,144100,2799310.0
2026-03-09 13:15:00,601112,2026-03-09,13:15:00,15,19.41,19.5,19.39,19.46,331624,6447626.0
2026-03-09 13:30:00,601112,2026-03-09,13:30:00,15,19.47,19.54,19.45,19.5,328600,6406746.0
2026-03-09 13:45:00,601112,2026-03-09,13:45:00,15,19.49,19.55,19.49,19.52,321519,6278044.0
2026-03-09 14:00:00,601112,2026-03-09,14:00:00,15,19.52,19.57,19.51,19.54,329900,6445713.0
2026-03-09 14:15:00,601112,2026-03-09,14:15:00,15,19.54,19.59,19.54,19.58,346607,6784356.0
2026-03-09 14:30:00,601112,2026-03-09,14:30:00,15,19.58,19.59,19.56,19.57,278000,5441896.0
2026-03-09 14:45:00,601112,2026-03-09,14:45:00,15,19.57,19.61,19.56,19.61,458459,8974351.0
2026-03-09 15:00:00,601112,2026-03-09,15:00:00,15,19.61,19.74,19.6,19.72,1435247,28259766.0
2026-03-10 09:45:00,601112,2026-03-10,09:45:00,15,19.83,19.9,19.77,19.88,1668500,33095726.0
2026-03-10 10:00:00,601112,2026-03-10,10:00:00,15,19.89,19.98,19.86,19.93,1251486,24943409.0
2026-03-10 10:15:00,601112,2026-03-10,10:15:00,15,19.92,19.93,19.89,19.89,632900,12597920.0
2026-03-10 10:30:00,601112,2026-03-10,10:30:00,15,19.89,19.94,19.89,19.9,510600,10171070.0
2026-03-10 10:45:00,601112,2026-03-10,10:45:00,15,19.9,20.07,19.89,20.02,987000,19737377.0
2026-03-10 11:00:00,601112,2026-03-10,11:00:00,15,20.01,20.02,19.94,19.98,387580,7742378.0
2026-03-10 11:15:00,601112,2026-03-10,11:15:00,15,19.99,19.99,19.9,19.91,401520,8009541.0
2026-03-10 11:30:00,601112,2026-03-10,11:30:00,15,19.9,19.94,19.89,19.94,211929,4218946.0
2026-03-10 13:15:00,601112,2026-03-10,13:15:00,15,19.94,19.97,19.88,19.97,420200,8372282.0
2026-03-10 13:30:00,601112,2026-03-10,13:30:00,15,19.97,19.97,19.91,19.91,275100,5482357.0
2026-03-10 13:45:00,601112,2026-03-10,13:45:00,15,19.91,19.93,19.9,19.91,345400,6877755.0
2026-03-10 14:00:00,601112,2026-03-10,14:00:00,15,19.91,19.92,19.9,19.91,228219,4543101.0
2026-03-10 14:15:00,601112,2026-03-10,14:15:00,15,19.91,19.92,19.9,19.9,325981,6489447.0
2026-03-10 14:30:00,601112,2026-03-10,14:30:00,15,19.9,19.9,19.88,19.9,241800,4810171.0
2026-03-10 14:45:00,601112,2026-03-10,14:45:00,15,19.9,19.91,19.89,19.89,475300,9458073.0
2026-03-10 15:00:00,601112,2026-03-10,15:00:00,15,19.89,19.95,19.89,19.94,1154101,23000933.0
2026-03-11 09:45:00,601112,2026-03-11,09:45:00,15,19.94,20.01,19.88,19.95,1100000,21946545.0
2026-03-11 10:00:00,601112,2026-03-11,10:00:00,15,19.95,19.95,19.83,19.88,905300,17998089.0
2026-03-11 10:15:00,601112,2026-03-11,10:15:00,15,19.88,19.95,19.86,19.92,545900,10861245.0
2026-03-11 10:30:00,601112,2026-03-11,10:30:00,15,19.92,20.05,19.9,19.99,884491,17676066.0
2026-03-11 10:45:00,601112,2026-03-11,10:45:00,15,19.99,19.99,19.94,19.96,352100,7029927.0
2026-03-11 11:00:00,601112,2026-03-11,11:00:00,15,19.96,19.97,19.92,19.93,364600,7268123.0
2026-03-11 11:15:00,601112,2026-03-11,11:15:00,15,19.93,19.94,19.9,19.92,358100,7134300.0
2026-03-11 11:30:00,601112,2026-03-11,11:30:00,15,19.92,19.93,19.87,19.9,493600,9820490.0
2026-03-11 13:15:00,601112,2026-03-11,13:15:00,15,19.9,20.23,19.9,20.14,1766727,35499351.0
2026-03-11 13:30:00,601112,2026-03-11,13:30:00,15,20.14,20.49,20.13,20.32,3421300,69507112.0
2026-03-11 13:45:00,601112,2026-03-11,13:45:00,15,20.32,20.32,20.2,20.25,907000,18383514.0
2026-03-11 14:00:00,601112,2026-03-11,14:00:00,15,20.24,20.25,20.16,20.24,672700,13595604.0
2026-03-11 14:15:00,601112,2026-03-11,14:15:00,15,20.24,20.24,20.19,20.2,460100,9300294.0
2026-03-11 14:30:00,601112,2026-03-11,14:30:00,15,20.2,20.22,20.18,20.19,485100,9799739.0
2026-03-11 14:45:00,601112,2026-03-11,14:45:00,15,20.19,20.21,20.18,20.19,719200,14527356.0
2026-03-11 15:00:00,601112,2026-03-11,15:00:00,15,20.19,20.19,20.17,20.18,1404003,28334517.0
2026-03-12 09:45:00,601112,2026-03-12,09:45:00,15,20.36,20.65,20.31,20.46,4544000,93137932.0
2026-03-12 10:00:00,601112,2026-03-12,10:00:00,15,20.46,20.46,20.25,20.26,1787000,36402030.0
2026-03-12 10:15:00,601112,2026-03-12,10:15:00,15,20.27,20.38,20.2,20.33,1144600,23193845.0
2026-03-12 10:30:00,601112,2026-03-12,10:30:00,15,20.35,20.61,20.35,20.56,2145917,44051412.0
2026-03-12 10:45:00,601112,2026-03-12,10:45:00,15,20.56,20.57,20.37,20.43,918500,18794295.0
2026-03-12 11:00:00,601112,2026-03-12,11:00:00,15,20.43,20.49,20.39,20.4,499000,10199553.0
2026-03-12 11:15:00,601112,2026-03-12,11:15:00,15,20.41,20.42,20.31,20.32,561486,11444363.0
2026-03-12 11:30:00,601112,2026-03-12,11:30:00,15,20.31,20.33,20.26,20.27,510400,10359652.0
2026-03-12 13:15:00,601112,2026-03-12,13:15:00,15,20.27,20.34,20.23,20.26,599148,12142313.0
2026-03-12 13:30:00,601112,2026-03-12,13:30:00,15,20.26,20.81,20.26,20.66,2862669,59018736.0
2026-03-12 13:45:00,601112,2026-03-12,13:45:00,15,20.67,20.79,20.66,20.73,1835148,38018760.0
2026-03-12 14:00:00,601112,2026-03-12,14:00:00,15,20.73,20.96,20.7,20.95,2215941,46147806.0
2026-03-12 14:15:00,601112,2026-03-12,14:15:00,15,20.95,20.95,20.78,20.8,1226300,25597787.0
2026-03-12 14:30:00,601112,2026-03-12,14:30:00,15,20.8,20.81,20.73,20.77,729700,15161423.0
2026-03-12 14:45:00,601112,2026-03-12,14:45:00,15,20.76,20.89,20.76,20.89,1087155,22640401.0
2026-03-12 15:00:00,601112,2026-03-12,15:00:00,15,20.89,20.97,20.89,20.96,3108041,65094540.0
2026-03-13 09:45:00,601112,2026-03-13,09:45:00,15,21.28,22.08,21.14,21.7,12315078,266360523.0
2026-03-13 10:00:00,601112,2026-03-13,10:00:00,15,21.7,21.7,21.26,21.54,4128180,88543044.0
2026-03-13 10:15:00,601112,2026-03-13,10:15:00,15,21.54,21.75,21.42,21.75,2151640,46372375.0
2026-03-13 10:30:00,601112,2026-03-13,10:30:00,15,21.75,21.95,21.68,21.78,2789984,60862639.0
2026-03-13 10:45:00,601112,2026-03-13,10:45:00,15,21.77,22.1,21.72,22.08,4059441,89141406.0
2026-03-13 11:00:00,601112,2026-03-13,11:00:00,15,22.08,22.08,21.87,21.92,1740000,38248170.0
2026-03-13 11:15:00,601112,2026-03-13,11:15:00,15,21.93,22.04,21.81,21.84,1312779,28830789.0
2026-03-13 11:30:00,601112,2026-03-13,11:30:00,15,21.84,21.88,21.72,21.75,1118348,24361736.0
2026-03-13 13:15:00,601112,2026-03-13,13:15:00,15,21.77,21.92,21.75,21.76,968900,21134913.0
2026-03-13 13:30:00,601112,2026-03-13,13:30:00,15,21.77,21.82,21.72,21.77,868000,18882880.0
2026-03-13 13:45:00,601112,2026-03-13,13:45:00,15,21.78,21.8,21.71,21.75,641100,13946848.0
2026-03-13 14:00:00,601112,2026-03-13,14:00:00,15,21.75,22.02,21.75,21.94,2129580,46716494.0
2026-03-13 14:15:00,601112,2026-03-13,14:15:00,15,21.94,21.94,21.84,21.88,1355534,29673898.0
2026-03-13 14:30:00,601112,2026-03-13,14:30:00,15,21.89,21.9,21.73,21.84,1666032,36344536.0
2026-03-13 14:45:00,601112,2026-03-13,14:45:00,15,21.83,21.84,21.51,21.56,2272068,49232031.0
2026-03-13 15:00:00,601112,2026-03-13,15:00:00,15,21.56,21.66,21.47,21.62,3010034,65019110.0
2026-03-16 09:45:00,601112,2026-03-16,09:45:00,15,21.8,22.08,21.33,21.55,9174865,199643037.0
2026-03-16 10:00:00,601112,2026-03-16,10:00:00,15,21.55,21.65,21.02,21.04,6474080,137564472.0
2026-03-16 10:15:00,601112,2026-03-16,10:15:00,15,21.05,21.25,21.01,21.25,2089200,44110568.0
2026-03-16 10:30:00,601112,2026-03-16,10:30:00,15,21.25,21.35,21.14,21.35,962398,20430561.0
2026-03-16 10:45:00,601112,2026-03-16,10:45:00,15,21.35,21.52,21.23,21.26,883100,18842827.0
2026-03-16 11:00:00,601112,2026-03-16,11:00:00,15,21.26,21.27,21.18,21.22,577400,12251263.0
2026-03-16 11:15:00,601112,2026-03-16,11:15:00,15,21.21,21.23,21.13,21.19,579500,12276590.0
2026-03-16 11:30:00,601112,2026-03-16,11:30:00,15,21.19,21.34,21.16,21.24,598100,12719318.0
2026-03-16 13:15:00,601112,2026-03-16,13:15:00,15,21.25,21.3,21.1,21.1,750100,15890262.0
2026-03-16 13:30:00,601112,2026-03-16,13:30:00,15,21.1,21.11,20.94,20.96,2228853,46836740.0
2026-03-16 13:45:00,601112,2026-03-16,13:45:00,15,20.95,21.14,20.91,21.1,1135698,23852499.0
2026-03-16 14:00:00,601112,2026-03-16,14:00:00,15,21.09,21.1,20.99,21.04,632700,13304673.0
2026-03-16 14:15:00,601112,2026-03-16,14:15:00,15,21.03,21.05,20.98,21.03,509001,10695107.0
2026-03-16 14:30:00,601112,2026-03-16,14:30:00,15,21.03,21.11,21.01,21.05,630438,13276288.0
2026-03-16 14:45:00,601112,2026-03-16,14:45:00,15,21.06,21.1,21.0,21.08,1143831,24072883.0
2026-03-16 15:00:00,601112,2026-03-16,15:00:00,15,21.07,21.35,21.07,21.26,1964200,41704897.0
2026-03-17 09:45:00,601112,2026-03-17,09:45:00,15,21.01,21.93,20.97,21.56,7283832,156977931.0
2026-03-17 10:00:00,601112,2026-03-17,10:00:00,15,21.56,21.96,21.41,21.82,4399283,95881711.0
2026-03-17 10:15:00,601112,2026-03-17,10:15:00,15,21.82,21.99,21.74,21.93,3017731,66087100.0
2026-03-17 10:30:00,601112,2026-03-17,10:30:00,15,21.93,21.97,21.8,21.93,2312541,50681767.0
2026-03-17 10:45:00,601112,2026-03-17,10:45:00,15,21.93,22.48,21.82,22.22,5979060,132695929.0
2026-03-17 11:00:00,601112,2026-03-17,11:00:00,15,22.22,22.98,22.17,22.72,7599950,172467583.0
2026-03-17 11:15:00,601112,2026-03-17,11:15:00,15,22.75,22.96,22.4,22.59,2879264,65298415.0
2026-03-17 11:30:00,601112,2026-03-17,11:30:00,15,22.59,22.59,22.45,22.5,1379807,31069870.0
2026-03-17 13:15:00,601112,2026-03-17,13:15:00,15,22.5,22.65,22.46,22.65,1527398,34461172.0
2026-03-17 13:30:00,601112,2026-03-17,13:30:00,15,22.65,22.71,22.44,22.49,1513643,34145044.0
2026-03-17 13:45:00,601112,2026-03-17,13:45:00,15,22.49,22.5,22.33,22.38,1056297,23684869.0
2026-03-17 14:00:00,601112,2026-03-17,14:00:00,15,22.38,22.48,22.35,22.39,1058827,23716716.0
2026-03-17 14:15:00,601112,2026-03-17,14:15:00,15,22.39,22.4,22.26,22.36,1193800,26677852.0
2026-03-17 14:30:00,601112,2026-03-17,14:30:00,15,22.36,22.5,22.35,22.5,1265854,28342017.0
2026-03-17 14:45:00,601112,2026-03-17,14:45:00,15,22.5,22.5,22.22,22.29,1945251,43390484.0
2026-03-17 15:00:00,601112,2026-03-17,15:00:00,15,22.28,22.41,22.27,22.33,3855000,86080519.0
2026-03-18 09:45:00,601112,2026-03-18,09:45:00,15,22.18,22.28,21.78,22.0,7871127,173197307.0
2026-03-18 10:00:00,601112,2026-03-18,10:00:00,15,22.0,22.11,21.71,21.72,3566000,78107824.0
2026-03-18 10:15:00,601112,2026-03-18,10:15:00,15,21.72,21.75,21.34,21.51,6281746,135118618.0
2026-03-18 10:30:00,601112,2026-03-18,10:30:00,15,21.53,21.74,21.43,21.68,1659195,35731259.0
2026-03-18 10:45:00,601112,2026-03-18,10:45:00,15,21.69,21.99,21.58,21.95,1379466,30058414.0
2026-03-18 11:00:00,601112,2026-03-18,11:00:00,15,21.94,22.0,21.76,21.94,1569400,34401825.0
2026-03-18 11:15:00,601112,2026-03-18,11:15:00,15,21.94,22.0,21.75,21.97,1260523,27598860.0
2026-03-18 11:30:00,601112,2026-03-18,11:30:00,15,21.97,21.97,21.86,21.9,890500,19508278.0
2026-03-18 13:15:00,601112,2026-03-18,13:15:00,15,21.9,22.15,21.81,21.94,1494598,32801904.0
2026-03-18 13:30:00,601112,2026-03-18,13:30:00,15,21.93,22.1,21.88,21.9,670300,14713371.0
2026-03-18 13:45:00,601112,2026-03-18,13:45:00,15,21.9,22.05,21.9,21.93,659721,14501451.0
2026-03-18 14:00:00,601112,2026-03-18,14:00:00,15,21.92,21.98,21.85,21.94,830243,18198881.0
2026-03-18 14:15:00,601112,2026-03-18,14:15:00,15,21.94,22.16,21.91,22.07,1192077,26299527.0
2026-03-18 14:30:00,601112,2026-03-18,14:30:00,15,22.05,22.07,21.96,21.98,1046200,23027653.0
2026-03-18 14:45:00,601112,2026-03-18,14:45:00,15,21.96,22.02,21.89,22.02,1791300,39288598.0
2026-03-18 15:00:00,601112,2026-03-18,15:00:00,15,22.02,22.06,21.9,21.99,2532800,55759769.0
2026-03-19 09:45:00,601112,2026-03-19,09:45:00,15,21.57,21.58,21.25,21.32,5216461,111696352.0
2026-03-19 10:00:00,601112,2026-03-19,10:00:00,15,21.36,21.88,21.26,21.79,3165600,68202930.0
2026-03-19 10:15:00,601112,2026-03-19,10:15:00,15,21.89,21.89,21.41,21.42,1788300,38736299.0
2026-03-19 10:30:00,601112,2026-03-19,10:30:00,15,21.43,21.7,21.41,21.66,1166552,25133283.0
2026-03-19 10:45:00,601112,2026-03-19,10:45:00,15,21.66,21.69,21.4,21.43,1221500,26243848.0
2026-03-19 11:00:00,601112,2026-03-19,11:00:00,15,21.43,21.56,21.38,21.38,952900,20409810.0
2026-03-19 11:15:00,601112,2026-03-19,11:15:00,15,21.39,21.49,21.33,21.33,1260400,26935069.0
2026-03-19 11:30:00,601112,2026-03-19,11:30:00,15,21.32,21.35,21.23,21.27,1180600,25129997.0
2026-03-19 13:15:00,601112,2026-03-19,13:15:00,15,21.27,21.34,21.13,21.22,1752770,37165252.0
2026-03-19 13:30:00,601112,2026-03-19,13:30:00,15,21.22,21.27,21.2,21.2,614200,13037623.0
2026-03-19 13:45:00,601112,2026-03-19,13:45:00,15,21.2,21.23,21.14,21.16,908832,19250378.0
2026-03-19 14:00:00,601112,2026-03-19,14:00:00,15,21.17,21.29,21.16,21.2,731770,15525408.0
2026-03-19 14:15:00,601112,2026-03-19,14:15:00,15,21.2,21.3,21.18,21.21,577400,12265480.0
2026-03-19 14:30:00,601112,2026-03-19,14:30:00,15,21.21,21.23,21.06,21.1,1416378,29922101.0
2026-03-19 14:45:00,601112,2026-03-19,14:45:00,15,21.09,21.16,21.03,21.03,1624199,34244221.0
2026-03-19 15:00:00,601112,2026-03-19,15:00:00,15,21.03,21.23,21.01,21.2,2055062,43403669.0
2026-03-20 09:45:00,601112,2026-03-20,09:45:00,15,21.27,21.48,20.85,20.85,4490900,94870571.0
2026-03-20 10:00:00,601112,2026-03-20,10:00:00,15,20.83,20.87,20.23,20.44,5615692,115351672.0
2026-03-20 10:15:00,601112,2026-03-20,10:15:00,15,20.44,20.44,20.23,20.3,2080300,42317802.0
2026-03-20 10:30:00,601112,2026-03-20,10:30:00,15,20.3,20.38,20.24,20.28,1177266,23905398.0
2026-03-20 10:45:00,601112,2026-03-20,10:45:00,15,20.28,20.43,20.21,20.38,1511890,30651819.0
2026-03-20 11:00:00,601112,2026-03-20,11:00:00,15,20.38,20.55,20.35,20.4,606188,12385449.0
2026-03-20 11:15:00,601112,2026-03-20,11:15:00,15,20.4,20.53,20.3,20.52,511318,10442420.0
2026-03-20 11:30:00,601112,2026-03-20,11:30:00,15,20.52,20.77,20.52,20.7,896714,18541504.0
2026-03-20 13:15:00,601112,2026-03-20,13:15:00,15,20.7,20.92,20.57,20.57,814100,16898401.0
2026-03-20 13:30:00,601112,2026-03-20,13:30:00,15,20.57,20.57,20.43,20.53,548722,11244626.0
2026-03-20 13:45:00,601112,2026-03-20,13:45:00,15,20.53,20.57,20.48,20.55,384800,7896955.0
2026-03-20 14:00:00,601112,2026-03-20,14:00:00,15,20.55,20.56,20.44,20.46,430800,8824574.0
2026-03-20 14:15:00,601112,2026-03-20,14:15:00,15,20.46,20.54,20.43,20.45,374700,7669093.0
2026-03-20 14:30:00,601112,2026-03-20,14:30:00,15,20.44,20.51,20.4,20.47,551707,11282181.0
2026-03-20 14:45:00,601112,2026-03-20,14:45:00,15,20.44,20.46,20.28,20.29,1076362,21904698.0
2026-03-20 15:00:00,601112,2026-03-20,15:00:00,15,20.28,20.36,20.24,20.26,2009822,40750020.0
2026-03-23 09:45:00,601112,2026-03-23,09:45:00,15,19.8,20.56,19.7,20.4,4711080,94970938.0
2026-03-23 10:00:00,601112,2026-03-23,10:00:00,15,20.4,20.71,20.4,20.46,2152386,44164090.0
2026-03-23 10:15:00,601112,2026-03-23,10:15:00,15,20.46,20.48,20.25,20.45,1350336,27491256.0
2026-03-23 10:30:00,601112,2026-03-23,10:30:00,15,20.45,20.72,20.41,20.43,1239173,25485520.0
2026-03-23 10:45:00,601112,2026-03-23,10:45:00,15,20.43,20.44,20.3,20.31,690900,14059984.0
2026-03-23 11:00:00,601112,2026-03-23,11:00:00,15,20.31,20.34,20.19,20.32,734600,14887210.0
2026-03-23 11:15:00,601112,2026-03-23,11:15:00,15,20.31,20.34,20.21,20.24,419900,8518885.0
2026-03-23 11:30:00,601112,2026-03-23,11:30:00,15,20.24,20.26,20.11,20.17,514784,10397572.0
2026-03-23 13:15:00,601112,2026-03-23,13:15:00,15,20.17,20.34,20.11,20.2,552900,11175191.0
2026-03-23 13:30:00,601112,2026-03-23,13:30:00,15,20.2,20.29,20.08,20.19,649683,13116277.0
2026-03-23 13:45:00,601112,2026-03-23,13:45:00,15,20.19,20.29,20.06,20.06,649800,13118250.0
2026-03-23 14:00:00,601112,2026-03-23,14:00:00,15,20.04,20.15,19.91,20.06,967600,19363911.0
2026-03-23 14:15:00,601112,2026-03-23,14:15:00,15,20.06,20.14,19.88,19.9,785000,15693835.0
2026-03-23 14:30:00,601112,2026-03-23,14:30:00,15,19.89,20.05,19.89,19.99,770600,15386137.0
2026-03-23 14:45:00,601112,2026-03-23,14:45:00,15,20.0,20.0,19.81,19.84,1228941,24427669.0
2026-03-23 15:00:00,601112,2026-03-23,15:00:00,15,19.84,19.98,19.79,19.98,1570500,31196730.0
2026-03-24 09:45:00,601112,2026-03-24,09:45:00,15,20.35,20.95,20.09,20.56,5453790,112061965.0
2026-03-24 10:00:00,601112,2026-03-24,10:00:00,15,20.58,20.62,20.0,20.04,2858300,57872802.0
2026-03-24 10:15:00,601112,2026-03-24,10:15:00,15,20.04,20.17,19.88,19.93,2042500,40894390.0
2026-03-24 10:30:00,601112,2026-03-24,10:30:00,15,19.88,20.04,19.8,20.03,1265900,25200740.0
2026-03-24 10:45:00,601112,2026-03-24,10:45:00,15,20.03,20.34,20.03,20.32,853100,17229176.0
2026-03-24 11:00:00,601112,2026-03-24,11:00:00,15,20.32,20.35,20.13,20.21,412900,8354660.0
2026-03-24 11:15:00,601112,2026-03-24,11:15:00,15,20.21,20.26,20.1,20.12,374800,7566775.0
2026-03-24 11:30:00,601112,2026-03-24,11:30:00,15,20.12,20.23,20.12,20.16,257400,5190808.0
2026-03-24 13:15:00,601112,2026-03-24,13:15:00,15,20.16,20.18,19.91,20.03,739000,14795560.0
2026-03-24 13:30:00,601112,2026-03-24,13:30:00,15,20.03,20.03,19.9,19.91,472300,9428035.0
2026-03-24 13:45:00,601112,2026-03-24,13:45:00,15,19.91,20.19,19.91,20.11,470900,9447284.0
2026-03-24 14:00:00,601112,2026-03-24,14:00:00,15,20.11,20.18,20.1,20.14,283909,5719258.0
2026-03-24 14:15:00,601112,2026-03-24,14:15:00,15,20.14,20.48,20.11,20.47,1021100,20703357.0
2026-03-24 14:30:00,601112,2026-03-24,14:30:00,15,20.47,20.55,20.36,20.48,1255200,25693200.0
2026-03-24 14:45:00,601112,2026-03-24,14:45:00,15,20.49,20.56,20.48,20.5,780500,16011554.0
2026-03-24 15:00:00,601112,2026-03-24,15:00:00,15,20.49,20.52,20.49,20.51,1374161,28179218.0
2026-03-25 09:45:00,601112,2026-03-25,09:45:00,15,20.5,20.79,20.4,20.7,3303837,68268105.0
2026-03-25 10:00:00,601112,2026-03-25,10:00:00,15,20.71,20.92,20.69,20.86,2653666,55260117.0
2026-03-25 10:15:00,601112,2026-03-25,10:15:00,15,20.85,20.9,20.79,20.8,1380699,28771456.0
2026-03-25 10:30:00,601112,2026-03-25,10:30:00,15,20.81,20.83,20.71,20.73,1003101,20826443.0
2026-03-25 10:45:00,601112,2026-03-25,10:45:00,15,20.74,20.74,20.62,20.7,1144769,23665931.0
2026-03-25 11:00:00,601112,2026-03-25,11:00:00,15,20.7,20.74,20.65,20.68,640599,13261183.0
2026-03-25 11:15:00,601112,2026-03-25,11:15:00,15,20.68,20.85,20.66,20.81,768900,15990028.0
2026-03-25 11:30:00,601112,2026-03-25,11:30:00,15,20.82,20.82,20.7,20.72,453900,9419563.0
2026-03-25 13:15:00,601112,2026-03-25,13:15:00,15,20.72,20.79,20.67,20.76,571500,11838261.0
2026-03-25 13:30:00,601112,2026-03-25,13:30:00,15,20.78,20.8,20.72,20.75,322900,6708156.0
2026-03-25 13:45:00,601112,2026-03-25,13:45:00,15,20.75,20.76,20.72,20.76,548000,11363340.0
2026-03-25 14:00:00,601112,2026-03-25,14:00:00,15,20.76,20.77,20.66,20.69,665900,13778963.0
2026-03-25 14:15:00,601112,2026-03-25,14:15:00,15,20.69,20.73,20.56,20.58,932000,19238113.0
2026-03-25 14:30:00,601112,2026-03-25,14:30:00,15,20.58,20.63,20.53,20.59,895500,18413264.0
2026-03-25 14:45:00,601112,2026-03-25,14:45:00,15,20.59,20.62,20.57,20.6,685300,14113384.0
2026-03-25 15:00:00,601112,2026-03-25,15:00:00,15,20.62,20.69,20.6,20.69,1465900,30232832.0
2026-03-26 09:45:00,601112,2026-03-26,09:45:00,15,20.67,20.68,20.22,20.35,3029100,61709690.0
2026-03-26 10:00:00,601112,2026-03-26,10:00:00,15,20.35,20.38,20.24,20.31,1251400,25411656.0
2026-03-26 10:15:00,601112,2026-03-26,10:15:00,15,20.32,20.32,20.21,20.21,1544900,31274901.0
2026-03-26 10:30:00,601112,2026-03-26,10:30:00,15,20.21,20.22,20.05,20.06,1670600,33618262.0
2026-03-26 10:45:00,601112,2026-03-26,10:45:00,15,20.06,20.11,20.0,20.03,1085204,21748132.0
2026-03-26 11:00:00,601112,2026-03-26,11:00:00,15,20.03,20.04,19.9,19.92,1389996,27747653.0
2026-03-26 11:15:00,601112,2026-03-26,11:15:00,15,19.91,19.94,19.88,19.94,668651,13312013.0
2026-03-26 11:30:00,601112,2026-03-26,11:30:00,15,19.94,19.94,19.89,19.91,651200,12964283.0
2026-03-26 13:15:00,601112,2026-03-26,13:15:00,15,19.92,19.92,19.76,19.82,2375755,47049258.0
2026-03-26 13:30:00,601112,2026-03-26,13:30:00,15,19.82,19.9,19.76,19.8,663000,13144124.0
2026-03-26 13:45:00,601112,2026-03-26,13:45:00,15,19.8,19.85,19.77,19.82,707200,14012665.0
2026-03-26 14:00:00,601112,2026-03-26,14:00:00,15,19.82,19.82,19.73,19.73,884600,17495075.0
2026-03-26 14:15:00,601112,2026-03-26,14:15:00,15,19.73,19.74,19.65,19.66,1451100,28579612.0
2026-03-26 14:30:00,601112,2026-03-26,14:30:00,15,19.66,19.69,19.6,19.63,990434,19456120.0
2026-03-26 14:45:00,601112,2026-03-26,14:45:00,15,19.62,19.63,19.53,19.53,1455264,28486831.0
2026-03-26 15:00:00,601112,2026-03-26,15:00:00,15,19.53,19.65,19.51,19.64,1760400,34462737.0
2026-03-27 09:45:00,601112,2026-03-27,09:45:00,15,19.41,20.29,19.41,19.79,5924539,118239052.0
2026-03-27 10:00:00,601112,2026-03-27,10:00:00,15,19.78,19.93,19.71,19.84,906700,17954563.0
2026-03-27 10:15:00,601112,2026-03-27,10:15:00,15,19.84,20.05,19.8,19.97,633100,12598632.0
2026-03-27 10:30:00,601112,2026-03-27,10:30:00,15,19.96,20.02,19.88,19.94,487800,9732511.0
2026-03-27 10:45:00,601112,2026-03-27,10:45:00,15,19.94,19.98,19.85,19.89,361300,7194149.0
2026-03-27 11:00:00,601112,2026-03-27,11:00:00,15,19.89,19.96,19.81,19.81,302500,6014251.0
2026-03-27 11:15:00,601112,2026-03-27,11:15:00,15,19.82,19.9,19.82,19.87,146000,2900007.0
2026-03-27 11:30:00,601112,2026-03-27,11:30:00,15,19.87,19.92,19.85,19.86,174400,3465566.0
2026-03-27 13:15:00,601112,2026-03-27,13:15:00,15,19.86,20.17,19.86,20.09,1069771,21442808.0
2026-03-27 13:30:00,601112,2026-03-27,13:30:00,15,20.1,20.1,20.03,20.04,506200,10155189.0
2026-03-27 13:45:00,601112,2026-03-27,13:45:00,15,20.04,20.06,20.03,20.05,325000,6514581.0
2026-03-27 14:00:00,601112,2026-03-27,14:00:00,15,20.05,20.06,19.96,19.96,437216,8750370.0
2026-03-27 14:15:00,601112,2026-03-27,14:15:00,15,19.95,19.98,19.87,19.92,478500,9528036.0
2026-03-27 14:30:00,601112,2026-03-27,14:30:00,15,19.92,19.95,19.91,19.93,270100,5382785.0
2026-03-27 14:45:00,601112,2026-03-27,14:45:00,15,19.94,19.94,19.88,19.89,650900,12961934.0
2026-03-27 15:00:00,601112,2026-03-27,15:00:00,15,19.88,19.91,19.87,19.9,1133420,22548145.0
2026-03-30 09:45:00,601112,2026-03-30,09:45:00,15,19.82,19.9,19.36,19.39,3410866,66802037.0
2026-03-30 10:00:00,601112,2026-03-30,10:00:00,15,19.39,19.48,19.27,19.43,1956431,37902247.0
2026-03-30 10:15:00,601112,2026-03-30,10:15:00,15,19.44,19.5,19.41,19.43,611007,11880828.0
2026-03-30 10:30:00,601112,2026-03-30,10:30:00,15,19.42,19.48,19.4,19.43,442347,8594916.0
2026-03-30 10:45:00,601112,2026-03-30,10:45:00,15,19.43,19.46,19.38,19.41,458100,8890791.0
2026-03-30 11:00:00,601112,2026-03-30,11:00:00,15,19.41,19.56,19.4,19.46,337509,6573514.0
2026-03-30 11:15:00,601112,2026-03-30,11:15:00,15,19.46,19.83,19.46,19.72,835300,16448271.0
2026-03-30 11:30:00,601112,2026-03-30,11:30:00,15,19.7,19.8,19.69,19.74,382713,7561098.0
2026-03-30 13:15:00,601112,2026-03-30,13:15:00,15,19.74,19.76,19.4,19.47,1491200,29131856.0
2026-03-30 13:30:00,601112,2026-03-30,13:30:00,15,19.45,19.54,19.44,19.54,966800,18781457.0
2026-03-30 13:45:00,601112,2026-03-30,13:45:00,15,19.53,19.59,19.52,19.53,317600,6209621.0
2026-03-30 14:00:00,601112,2026-03-30,14:00:00,15,19.53,19.59,19.5,19.58,271699,5308953.0
2026-03-30 14:15:00,601112,2026-03-30,14:15:00,15,19.58,19.65,19.57,19.61,319543,6266300.0
2026-03-30 14:30:00,601112,2026-03-30,14:30:00,15,19.62,19.65,19.59,19.6,319857,6271496.0
2026-03-30 14:45:00,601112,2026-03-30,14:45:00,15,19.6,19.63,19.59,19.59,426514,8362416.0
2026-03-30 15:00:00,601112,2026-03-30,15:00:00,15,19.59,19.63,19.59,19.62,895565,17559383.0
2026-03-31 09:45:00,601112,2026-03-31,09:45:00,15,19.61,19.63,19.48,19.59,1430428,27953186.0
2026-03-31 10:00:00,601112,2026-03-31,10:00:00,15,19.57,19.69,19.53,19.65,914580,17937493.0
2026-03-31 10:15:00,601112,2026-03-31,10:15:00,15,19.65,19.65,19.49,19.53,1660020,32439928.0
2026-03-31 10:30:00,601112,2026-03-31,10:30:00,15,19.53,19.55,19.45,19.46,1351400,26350056.0
2026-03-31 10:45:00,601112,2026-03-31,10:45:00,15,19.46,19.46,19.32,19.36,1536800,29799072.0
2026-03-31 11:00:00,601112,2026-03-31,11:00:00,15,19.36,19.43,19.35,19.36,736700,14277408.0
2026-03-31 11:15:00,601112,2026-03-31,11:15:00,15,19.35,19.35,19.3,19.3,1021700,19736985.0
2026-03-31 11:30:00,601112,2026-03-31,11:30:00,15,19.3,19.31,19.23,19.26,1013138,19515741.0
2026-03-31 13:15:00,601112,2026-03-31,13:15:00,15,19.26,19.31,19.25,19.27,402149,7751949.0
2026-03-31 13:30:00,601112,2026-03-31,13:30:00,15,19.27,19.33,19.26,19.31,311900,6016895.0
2026-03-31 13:45:00,601112,2026-03-31,13:45:00,15,19.31,19.37,19.28,19.29,442400,8548372.0
2026-03-31 14:00:00,601112,2026-03-31,14:00:00,15,19.28,19.32,19.28,19.31,319900,6174466.0
2026-03-31 14:15:00,601112,2026-03-31,14:15:00,15,19.29,19.29,19.22,19.22,1045651,20130023.0
2026-03-31 14:30:00,601112,2026-03-31,14:30:00,15,19.23,19.23,19.15,19.17,1299453,24937817.0
2026-03-31 14:45:00,601112,2026-03-31,14:45:00,15,19.17,19.17,19.01,19.02,1989711,37967390.0
2026-03-31 15:00:00,601112,2026-03-31,15:00:00,15,19.02,19.03,18.99,19.0,1908956,36296096.0
2026-04-01 09:45:00,601112,2026-04-01,09:45:00,15,19.32,20.08,19.32,19.91,10488628,208028115.0
2026-04-01 10:00:00,601112,2026-04-01,10:00:00,15,19.91,20.25,19.8,20.01,4561405,91495082.0
2026-04-01 10:15:00,601112,2026-04-01,10:15:00,15,20.01,20.01,19.88,19.94,999300,19941177.0
2026-04-01 10:30:00,601112,2026-04-01,10:30:00,15,19.94,19.97,19.9,19.91,567335,11307189.0
2026-04-01 10:45:00,601112,2026-04-01,10:45:00,15,19.91,19.91,19.8,19.84,756500,15010743.0
2026-04-01 11:00:00,601112,2026-04-01,11:00:00,15,19.84,19.93,19.83,19.91,351600,6989102.0
2026-04-01 11:15:00,601112,2026-04-01,11:15:00,15,19.91,19.92,19.83,19.89,250200,4973736.0
2026-04-01 11:30:00,601112,2026-04-01,11:30:00,15,19.89,19.9,19.83,19.84,267100,5308817.0
2026-04-01 13:15:00,601112,2026-04-01,13:15:00,15,19.84,19.89,19.82,19.87,281100,5582745.0
2026-04-01 13:30:00,601112,2026-04-01,13:30:00,15,19.88,19.89,19.86,19.88,247466,4918103.0
2026-04-01 13:45:00,601112,2026-04-01,13:45:00,15,19.88,20.03,19.88,19.93,708528,14144325.0
2026-04-01 14:00:00,601112,2026-04-01,14:00:00,15,19.93,20.0,19.9,19.9,535300,10683612.0
2026-04-01 14:15:00,601112,2026-04-01,14:15:00,15,19.9,20.0,19.89,20.0,667200,13326122.0
2026-04-01 14:30:00,601112,2026-04-01,14:30:00,15,20.01,20.01,19.97,19.99,420100,8397048.0
2026-04-01 14:45:00,601112,2026-04-01,14:45:00,15,19.99,20.04,19.99,20.04,976524,19542341.0
2026-04-01 15:00:00,601112,2026-04-01,15:00:00,15,20.04,20.11,20.03,20.1,1808100,36322854.0
